case_id,dataset_split,hazard,region_id,lead_time_hours,valid_start_time,valid_end_time,variable,aggregation,observation_source,pair_status,coverage_fraction,station_count,reason
20200501_00,development,heavy_rain,SA-09,24,2020-05-01T00:00:00Z,2020-05-02T00:00:00Z,daily_precip_total,weighted_mean,IMERG,paired_accepted,1.0,,exact UTC daily window and coverage >= 0.95
20200501_00,development,heavy_rain,SA-09,24,2020-05-01T00:00:00Z,2020-05-02T00:00:00Z,daily_precip_total,spatial_p95,IMERG,paired_accepted,1.0,,exact UTC daily window and coverage >= 0.95
20200501_00,development,heavy_rain,SA-09,24,2020-05-01T00:00:00Z,2020-05-02T00:00:00Z,daily_precip_total,maximum,IMERG,paired_accepted,1.0,,exact UTC daily window and coverage >= 0.95
20200501_00,development,heavy_rain,SA-09,48,2020-05-02T00:00:00Z,2020-05-03T00:00:00Z,daily_precip_total,weighted_mean,IMERG,paired_accepted,1.0,,exact UTC daily window and coverage >= 0.95
20200501_00,development,heavy_rain,SA-09,48,2020-05-02T00:00:00Z,2020-05-03T00:00:00Z,daily_precip_total,spatial_p95,IMERG,paired_accepted,1.0,,exact UTC daily window and coverage >= 0.95
20200501_00,development,heavy_rain,SA-09,48,2020-05-02T00:00:00Z,2020-05-03T00:00:00Z,daily_precip_total,maximum,IMERG,paired_accepted,1.0,,exact UTC daily window and coverage >= 0.95
20200501_00,development,heavy_rain,SA-09,72,2020-05-03T00:00:00Z,2020-05-04T00:00:00Z,daily_precip_total,weighted_mean,IMERG,paired_accepted,1.0,,exact UTC daily window and coverage >= 0.95
20200501_00,development,heavy_rain,SA-09,72,2020-05-03T00:00:00Z,2020-05-04T00:00:00Z,daily_precip_total,spatial_p95,IMERG,paired_accepted,1.0,,exact UTC daily window and coverage >= 0.95
20200501_00,development,heavy_rain,SA-09,72,2020-05-03T00:00:00Z,2020-05-04T00:00:00Z,daily_precip_total,maximum,IMERG,paired_accepted,1.0,,exact UTC daily window and coverage >= 0.95
20200505_00,development,heavy_rain,SA-09,24,2020-05-05T00:00:00Z,2020-05-06T00:00:00Z,daily_precip_total,weighted_mean,IMERG,paired_accepted,1.0,,exact UTC daily window and coverage >= 0.95
20200505_00,development,heavy_rain,SA-09,24,2020-05-05T00:00:00Z,2020-05-06T00:00:00Z,daily_precip_total,spatial_p95,IMERG,paired_accepted,1.0,,exact UTC daily window and coverage >= 0.95
20200505_00,development,heavy_rain,SA-09,24,2020-05-05T00:00:00Z,2020-05-06T00:00:00Z,daily_precip_total,maximum,IMERG,paired_accepted,1.0,,exact UTC daily window and coverage >= 0.95
20200505_00,development,heavy_rain,SA-09,48,2020-05-06T00:00:00Z,2020-05-07T00:00:00Z,daily_precip_total,weighted_mean,IMERG,paired_accepted,1.0,,exact UTC daily window and coverage >= 0.95
20200505_00,development,heavy_rain,SA-09,48,2020-05-06T00:00:00Z,2020-05-07T00:00:00Z,daily_precip_total,spatial_p95,IMERG,paired_accepted,1.0,,exact UTC daily window and coverage >= 0.95
20200505_00,development,heavy_rain,SA-09,48,2020-05-06T00:00:00Z,2020-05-07T00:00:00Z,daily_precip_total,maximum,IMERG,paired_accepted,1.0,,exact UTC daily window and coverage >= 0.95
20200505_00,development,heavy_rain,SA-09,72,2020-05-07T00:00:00Z,2020-05-08T00:00:00Z,daily_precip_total,weighted_mean,IMERG,paired_accepted,1.0,,exact UTC daily window and coverage >= 0.95
20200505_00,development,heavy_rain,SA-09,72,2020-05-07T00:00:00Z,2020-05-08T00:00:00Z,daily_precip_total,spatial_p95,IMERG,paired_accepted,1.0,,exact UTC daily window and coverage >= 0.95
20200505_00,development,heavy_rain,SA-09,72,2020-05-07T00:00:00Z,2020-05-08T00:00:00Z,daily_precip_total,maximum,IMERG,paired_accepted,1.0,,exact UTC daily window and coverage >= 0.95
20200515_00,development,heavy_rain,SA-09,24,2020-05-15T00:00:00Z,2020-05-16T00:00:00Z,daily_precip_total,weighted_mean,IMERG,paired_accepted,1.0,,exact UTC daily window and coverage >= 0.95
20200515_00,development,heavy_rain,SA-09,24,2020-05-15T00:00:00Z,2020-05-16T00:00:00Z,daily_precip_total,spatial_p95,IMERG,paired_accepted,1.0,,exact UTC daily window and coverage >= 0.95
20200515_00,development,heavy_rain,SA-09,24,2020-05-15T00:00:00Z,2020-05-16T00:00:00Z,daily_precip_total,maximum,IMERG,paired_accepted,1.0,,exact UTC daily window and coverage >= 0.95
20200515_00,development,heavy_rain,SA-09,48,2020-05-16T00:00:00Z,2020-05-17T00:00:00Z,daily_precip_total,weighted_mean,IMERG,paired_accepted,1.0,,exact UTC daily window and coverage >= 0.95
20200515_00,development,heavy_rain,SA-09,48,2020-05-16T00:00:00Z,2020-05-17T00:00:00Z,daily_precip_total,spatial_p95,IMERG,paired_accepted,1.0,,exact UTC daily window and coverage >= 0.95
20200515_00,development,heavy_rain,SA-09,48,2020-05-16T00:00:00Z,2020-05-17T00:00:00Z,daily_precip_total,maximum,IMERG,paired_accepted,1.0,,exact UTC daily window and coverage >= 0.95
20200515_00,development,heavy_rain,SA-09,72,2020-05-17T00:00:00Z,2020-05-18T00:00:00Z,daily_precip_total,weighted_mean,IMERG,paired_accepted,1.0,,exact UTC daily window and coverage >= 0.95
20200515_00,development,heavy_rain,SA-09,72,2020-05-17T00:00:00Z,2020-05-18T00:00:00Z,daily_precip_total,spatial_p95,IMERG,paired_accepted,1.0,,exact UTC daily window and coverage >= 0.95
20200515_00,development,heavy_rain,SA-09,72,2020-05-17T00:00:00Z,2020-05-18T00:00:00Z,daily_precip_total,maximum,IMERG,paired_accepted,1.0,,exact UTC daily window and coverage >= 0.95
20201109_00,development,heavy_rain,SA-03,24,2020-11-09T00:00:00Z,2020-11-10T00:00:00Z,daily_precip_total,weighted_mean,IMERG,paired_accepted,1.0,,exact UTC daily window and coverage >= 0.95
20201109_00,development,heavy_rain,SA-03,24,2020-11-09T00:00:00Z,2020-11-10T00:00:00Z,daily_precip_total,spatial_p95,IMERG,paired_accepted,1.0,,exact UTC daily window and coverage >= 0.95
20201109_00,development,heavy_rain,SA-03,24,2020-11-09T00:00:00Z,2020-11-10T00:00:00Z,daily_precip_total,maximum,IMERG,paired_accepted,1.0,,exact UTC daily window and coverage >= 0.95
20201109_00,development,heavy_rain,SA-03,48,2020-11-10T00:00:00Z,2020-11-11T00:00:00Z,daily_precip_total,weighted_mean,IMERG,paired_accepted,1.0,,exact UTC daily window and coverage >= 0.95
20201109_00,development,heavy_rain,SA-03,48,2020-11-10T00:00:00Z,2020-11-11T00:00:00Z,daily_precip_total,spatial_p95,IMERG,paired_accepted,1.0,,exact UTC daily window and coverage >= 0.95
20201109_00,development,heavy_rain,SA-03,48,2020-11-10T00:00:00Z,2020-11-11T00:00:00Z,daily_precip_total,maximum,IMERG,paired_accepted,1.0,,exact UTC daily window and coverage >= 0.95
20201109_00,development,heavy_rain,SA-03,72,2020-11-11T00:00:00Z,2020-11-12T00:00:00Z,daily_precip_total,weighted_mean,IMERG,paired_accepted,1.0,,exact UTC daily window and coverage >= 0.95
20201109_00,development,heavy_rain,SA-03,72,2020-11-11T00:00:00Z,2020-11-12T00:00:00Z,daily_precip_total,spatial_p95,IMERG,paired_accepted,1.0,,exact UTC daily window and coverage >= 0.95
20201109_00,development,heavy_rain,SA-03,72,2020-11-11T00:00:00Z,2020-11-12T00:00:00Z,daily_precip_total,maximum,IMERG,paired_accepted,1.0,,exact UTC daily window and coverage >= 0.95
20201119_00,development,heavy_rain,SA-03,24,2020-11-19T00:00:00Z,2020-11-20T00:00:00Z,daily_precip_total,weighted_mean,IMERG,paired_accepted,1.0,,exact UTC daily window and coverage >= 0.95
20201119_00,development,heavy_rain,SA-03,24,2020-11-19T00:00:00Z,2020-11-20T00:00:00Z,daily_precip_total,spatial_p95,IMERG,paired_accepted,1.0,,exact UTC daily window and coverage >= 0.95
20201119_00,development,heavy_rain,SA-03,24,2020-11-19T00:00:00Z,2020-11-20T00:00:00Z,daily_precip_total,maximum,IMERG,paired_accepted,1.0,,exact UTC daily window and coverage >= 0.95
20201119_00,development,heavy_rain,SA-03,48,2020-11-20T00:00:00Z,2020-11-21T00:00:00Z,daily_precip_total,weighted_mean,IMERG,paired_accepted,1.0,,exact UTC daily window and coverage >= 0.95
20201119_00,development,heavy_rain,SA-03,48,2020-11-20T00:00:00Z,2020-11-21T00:00:00Z,daily_precip_total,spatial_p95,IMERG,paired_accepted,1.0,,exact UTC daily window and coverage >= 0.95
20201119_00,development,heavy_rain,SA-03,48,2020-11-20T00:00:00Z,2020-11-21T00:00:00Z,daily_precip_total,maximum,IMERG,paired_accepted,1.0,,exact UTC daily window and coverage >= 0.95
20201119_00,development,heavy_rain,SA-03,72,2020-11-21T00:00:00Z,2020-11-22T00:00:00Z,daily_precip_total,weighted_mean,IMERG,paired_accepted,1.0,,exact UTC daily window and coverage >= 0.95
20201119_00,development,heavy_rain,SA-03,72,2020-11-21T00:00:00Z,2020-11-22T00:00:00Z,daily_precip_total,spatial_p95,IMERG,paired_accepted,1.0,,exact UTC daily window and coverage >= 0.95
20201119_00,development,heavy_rain,SA-03,72,2020-11-21T00:00:00Z,2020-11-22T00:00:00Z,daily_precip_total,maximum,IMERG,paired_accepted,1.0,,exact UTC daily window and coverage >= 0.95
20200706_00,development,heatwave,SA-04,24,2020-07-06T00:00:00Z,2020-07-07T00:00:00Z,tmax_c,station_mean,GHCN_DAILY,paired_provisional,0.4,2,GHCN observation time is missing; UTC daily alignment unverified
20200706_00,development,heatwave,SA-04,24,2020-07-06T00:00:00Z,2020-07-07T00:00:00Z,tmax_c,station_max,GHCN_DAILY,paired_provisional,0.4,2,GHCN observation time is missing; UTC daily alignment unverified
20200706_00,development,heatwave,SA-04,24,2020-07-06T00:00:00Z,2020-07-07T00:00:00Z,tmax_c,station_min,GHCN_DAILY,paired_provisional,0.4,2,GHCN observation time is missing; UTC daily alignment unverified
20200706_00,development,heatwave,SA-04,24,2020-07-06T00:00:00Z,2020-07-07T00:00:00Z,tmin_c,station_mean,GHCN_DAILY,paired_provisional,0.4,2,GHCN observation time is missing; UTC daily alignment unverified
20200706_00,development,heatwave,SA-04,24,2020-07-06T00:00:00Z,2020-07-07T00:00:00Z,tmin_c,station_max,GHCN_DAILY,paired_provisional,0.4,2,GHCN observation time is missing; UTC daily alignment unverified
20200706_00,development,heatwave,SA-04,24,2020-07-06T00:00:00Z,2020-07-07T00:00:00Z,tmin_c,station_min,GHCN_DAILY,paired_provisional,0.4,2,GHCN observation time is missing; UTC daily alignment unverified
20200706_00,development,heatwave,SA-04,48,2020-07-07T00:00:00Z,2020-07-08T00:00:00Z,tmax_c,station_mean,GHCN_DAILY,paired_provisional,0.2,1,GHCN observation time is missing; UTC daily alignment unverified
20200706_00,development,heatwave,SA-04,48,2020-07-07T00:00:00Z,2020-07-08T00:00:00Z,tmax_c,station_max,GHCN_DAILY,paired_provisional,0.2,1,GHCN observation time is missing; UTC daily alignment unverified
20200706_00,development,heatwave,SA-04,48,2020-07-07T00:00:00Z,2020-07-08T00:00:00Z,tmax_c,station_min,GHCN_DAILY,paired_provisional,0.2,1,GHCN observation time is missing; UTC daily alignment unverified
20200706_00,development,heatwave,SA-04,48,2020-07-07T00:00:00Z,2020-07-08T00:00:00Z,tmin_c,station_mean,GHCN_DAILY,paired_provisional,0.2,1,GHCN observation time is missing; UTC daily alignment unverified
20200706_00,development,heatwave,SA-04,48,2020-07-07T00:00:00Z,2020-07-08T00:00:00Z,tmin_c,station_max,GHCN_DAILY,paired_provisional,0.2,1,GHCN observation time is missing; UTC daily alignment unverified
20200706_00,development,heatwave,SA-04,48,2020-07-07T00:00:00Z,2020-07-08T00:00:00Z,tmin_c,station_min,GHCN_DAILY,paired_provisional,0.2,1,GHCN observation time is missing; UTC daily alignment unverified
20200706_00,development,heatwave,SA-04,72,2020-07-08T00:00:00Z,2020-07-09T00:00:00Z,tmax_c,station_mean,GHCN_DAILY,paired_provisional,0.4,2,GHCN observation time is missing; UTC daily alignment unverified
20200706_00,development,heatwave,SA-04,72,2020-07-08T00:00:00Z,2020-07-09T00:00:00Z,tmax_c,station_max,GHCN_DAILY,paired_provisional,0.4,2,GHCN observation time is missing; UTC daily alignment unverified
20200706_00,development,heatwave,SA-04,72,2020-07-08T00:00:00Z,2020-07-09T00:00:00Z,tmax_c,station_min,GHCN_DAILY,paired_provisional,0.4,2,GHCN observation time is missing; UTC daily alignment unverified
20200706_00,development,heatwave,SA-04,72,2020-07-08T00:00:00Z,2020-07-09T00:00:00Z,tmin_c,station_mean,GHCN_DAILY,paired_provisional,0.4,2,GHCN observation time is missing; UTC daily alignment unverified
20200706_00,development,heatwave,SA-04,72,2020-07-08T00:00:00Z,2020-07-09T00:00:00Z,tmin_c,station_max,GHCN_DAILY,paired_provisional,0.4,2,GHCN observation time is missing; UTC daily alignment unverified
20200706_00,development,heatwave,SA-04,72,2020-07-08T00:00:00Z,2020-07-09T00:00:00Z,tmin_c,station_min,GHCN_DAILY,paired_provisional,0.4,2,GHCN observation time is missing; UTC daily alignment unverified
20200715_00,development,heatwave,SA-04,24,2020-07-15T00:00:00Z,2020-07-16T00:00:00Z,tmax_c,station_mean,GHCN_DAILY,paired_provisional,0.4,2,GHCN observation time is missing; UTC daily alignment unverified
20200715_00,development,heatwave,SA-04,24,2020-07-15T00:00:00Z,2020-07-16T00:00:00Z,tmax_c,station_max,GHCN_DAILY,paired_provisional,0.4,2,GHCN observation time is missing; UTC daily alignment unverified
20200715_00,development,heatwave,SA-04,24,2020-07-15T00:00:00Z,2020-07-16T00:00:00Z,tmax_c,station_min,GHCN_DAILY,paired_provisional,0.4,2,GHCN observation time is missing; UTC daily alignment unverified
20200715_00,development,heatwave,SA-04,24,2020-07-15T00:00:00Z,2020-07-16T00:00:00Z,tmin_c,station_mean,GHCN_DAILY,paired_provisional,0.2,1,GHCN observation time is missing; UTC daily alignment unverified
20200715_00,development,heatwave,SA-04,24,2020-07-15T00:00:00Z,2020-07-16T00:00:00Z,tmin_c,station_max,GHCN_DAILY,paired_provisional,0.2,1,GHCN observation time is missing; UTC daily alignment unverified
20200715_00,development,heatwave,SA-04,24,2020-07-15T00:00:00Z,2020-07-16T00:00:00Z,tmin_c,station_min,GHCN_DAILY,paired_provisional,0.2,1,GHCN observation time is missing; UTC daily alignment unverified
20200715_00,development,heatwave,SA-04,48,2020-07-16T00:00:00Z,2020-07-17T00:00:00Z,tmax_c,station_mean,GHCN_DAILY,paired_provisional,0.4,2,GHCN observation time is missing; UTC daily alignment unverified
20200715_00,development,heatwave,SA-04,48,2020-07-16T00:00:00Z,2020-07-17T00:00:00Z,tmax_c,station_max,GHCN_DAILY,paired_provisional,0.4,2,GHCN observation time is missing; UTC daily alignment unverified
20200715_00,development,heatwave,SA-04,48,2020-07-16T00:00:00Z,2020-07-17T00:00:00Z,tmax_c,station_min,GHCN_DAILY,paired_provisional,0.4,2,GHCN observation time is missing; UTC daily alignment unverified
20200715_00,development,heatwave,SA-04,48,2020-07-16T00:00:00Z,2020-07-17T00:00:00Z,tmin_c,station_mean,GHCN_DAILY,paired_provisional,0.2,1,GHCN observation time is missing; UTC daily alignment unverified
20200715_00,development,heatwave,SA-04,48,2020-07-16T00:00:00Z,2020-07-17T00:00:00Z,tmin_c,station_max,GHCN_DAILY,paired_provisional,0.2,1,GHCN observation time is missing; UTC daily alignment unverified
20200715_00,development,heatwave,SA-04,48,2020-07-16T00:00:00Z,2020-07-17T00:00:00Z,tmin_c,station_min,GHCN_DAILY,paired_provisional,0.2,1,GHCN observation time is missing; UTC daily alignment unverified
20200715_00,development,heatwave,SA-04,72,2020-07-17T00:00:00Z,2020-07-18T00:00:00Z,tmax_c,station_mean,GHCN_DAILY,paired_provisional,0.4,2,GHCN observation time is missing; UTC daily alignment unverified
20200715_00,development,heatwave,SA-04,72,2020-07-17T00:00:00Z,2020-07-18T00:00:00Z,tmax_c,station_max,GHCN_DAILY,paired_provisional,0.4,2,GHCN observation time is missing; UTC daily alignment unverified
20200715_00,development,heatwave,SA-04,72,2020-07-17T00:00:00Z,2020-07-18T00:00:00Z,tmax_c,station_min,GHCN_DAILY,paired_provisional,0.4,2,GHCN observation time is missing; UTC daily alignment unverified
20200715_00,development,heatwave,SA-04,72,2020-07-17T00:00:00Z,2020-07-18T00:00:00Z,tmin_c,station_mean,GHCN_DAILY,paired_provisional,0.2,1,GHCN observation time is missing; UTC daily alignment unverified
20200715_00,development,heatwave,SA-04,72,2020-07-17T00:00:00Z,2020-07-18T00:00:00Z,tmin_c,station_max,GHCN_DAILY,paired_provisional,0.2,1,GHCN observation time is missing; UTC daily alignment unverified
20200715_00,development,heatwave,SA-04,72,2020-07-17T00:00:00Z,2020-07-18T00:00:00Z,tmin_c,station_min,GHCN_DAILY,paired_provisional,0.2,1,GHCN observation time is missing; UTC daily alignment unverified
