source_file,initial_time,lead_time_hours,valid_start_time,valid_end_time,region_id,region_name_en,indicator,unit,region_cell_count,valid_cell_count,minimum,weighted_mean,spatial_p95,maximum
handoff/mazu_like/mazu_like_20200820_00_lead024.nc,2020-08-20T00:00:00Z,24,2020-08-20T00:00:00Z,2020-08-21T00:00:00Z,SA-01,Riyadh Region,daily_precip_total,mm,531,531,0,0.18499396,0.30931573,0.48301682
handoff/mazu_like/mazu_like_20200820_00_lead024.nc,2020-08-20T00:00:00Z,24,2020-08-20T00:00:00Z,2020-08-21T00:00:00Z,SA-01,Riyadh Region,t2m_c,degC,531,531,34.181976,35.365976,36.183823,36.691864
handoff/mazu_like/mazu_like_20200820_00_lead024.nc,2020-08-20T00:00:00Z,24,2020-08-20T00:00:00Z,2020-08-21T00:00:00Z,SA-01,Riyadh Region,tmax_c,degC,531,531,39.556244,41.876973,42.8022,43.324707
handoff/mazu_like/mazu_like_20200820_00_lead024.nc,2020-08-20T00:00:00Z,24,2020-08-20T00:00:00Z,2020-08-21T00:00:00Z,SA-01,Riyadh Region,tmin_c,degC,531,531,27.696472,29.294834,30.545731,31.075684
handoff/mazu_like/mazu_like_20200820_00_lead024.nc,2020-08-20T00:00:00Z,24,2020-08-20T00:00:00Z,2020-08-21T00:00:00Z,SA-01,Riyadh Region,wind10_speed,m s-1,531,531,1.4663165,3.3459216,4.3450718,4.7536411
handoff/mazu_like/mazu_like_20200820_00_lead024.nc,2020-08-20T00:00:00Z,24,2020-08-20T00:00:00Z,2020-08-21T00:00:00Z,SA-01,Riyadh Region,pwat,kg m-2,531,531,15.427928,19.74999,22.429344,24.059361
handoff/mazu_like/mazu_like_20200820_00_lead024.nc,2020-08-20T00:00:00Z,24,2020-08-20T00:00:00Z,2020-08-21T00:00:00Z,SA-01,Riyadh Region,ivt,kg m-1 s-1,531,531,27.675499,103.5744,124.79071,136.55732
handoff/mazu_like/mazu_like_20200820_00_lead024.nc,2020-08-20T00:00:00Z,24,2020-08-20T00:00:00Z,2020-08-21T00:00:00Z,SA-01,Riyadh Region,wind850_speed,m s-1,531,531,3.6123497,6.764198,8.6433439,9.3358994
handoff/mazu_like/mazu_like_20200820_00_lead024.nc,2020-08-20T00:00:00Z,24,2020-08-20T00:00:00Z,2020-08-21T00:00:00Z,SA-01,Riyadh Region,wind_shear_850_200,m s-1,531,531,6.5707188,11.411652,14.703017,15.994646
handoff/mazu_like/mazu_like_20200820_00_lead024.nc,2020-08-20T00:00:00Z,24,2020-08-20T00:00:00Z,2020-08-21T00:00:00Z,SA-01,Riyadh Region,omega500,Pa s-1,531,531,-0.038223788,0.0049935868,0.03396726,0.056375563
handoff/mazu_like/mazu_like_20200820_00_lead024.nc,2020-08-20T00:00:00Z,24,2020-08-20T00:00:00Z,2020-08-21T00:00:00Z,SA-01,Riyadh Region,geopotential_height500,gpm,531,531,5893.4858,5905.1265,5910.74,5911.5361
handoff/mazu_like/mazu_like_20200820_00_lead024.nc,2020-08-20T00:00:00Z,24,2020-08-20T00:00:00Z,2020-08-21T00:00:00Z,SA-02,Makkah Region,daily_precip_total,mm,191,191,0,0.30117916,0.60829309,2.4201586
handoff/mazu_like/mazu_like_20200820_00_lead024.nc,2020-08-20T00:00:00Z,24,2020-08-20T00:00:00Z,2020-08-21T00:00:00Z,SA-02,Makkah Region,t2m_c,degC,191,191,28.657715,34.289209,35.898956,36.343231
handoff/mazu_like/mazu_like_20200820_00_lead024.nc,2020-08-20T00:00:00Z,24,2020-08-20T00:00:00Z,2020-08-21T00:00:00Z,SA-02,Makkah Region,tmax_c,degC,191,191,32.373444,39.855455,42.096207,42.691071
handoff/mazu_like/mazu_like_20200820_00_lead024.nc,2020-08-20T00:00:00Z,24,2020-08-20T00:00:00Z,2020-08-21T00:00:00Z,SA-02,Makkah Region,tmin_c,degC,191,191,24.792542,29.64168,32.008453,32.372772
handoff/mazu_like/mazu_like_20200820_00_lead024.nc,2020-08-20T00:00:00Z,24,2020-08-20T00:00:00Z,2020-08-21T00:00:00Z,SA-02,Makkah Region,wind10_speed,m s-1,191,191,1.1188971,2.7887445,3.9148161,4.2230682
handoff/mazu_like/mazu_like_20200820_00_lead024.nc,2020-08-20T00:00:00Z,24,2020-08-20T00:00:00Z,2020-08-21T00:00:00Z,SA-02,Makkah Region,pwat,kg m-2,191,191,19.32889,30.711362,49.614341,52.524869
handoff/mazu_like/mazu_like_20200820_00_lead024.nc,2020-08-20T00:00:00Z,24,2020-08-20T00:00:00Z,2020-08-21T00:00:00Z,SA-02,Makkah Region,ivt,kg m-1 s-1,191,191,31.38679,89.632589,143.58804,172.93477
handoff/mazu_like/mazu_like_20200820_00_lead024.nc,2020-08-20T00:00:00Z,24,2020-08-20T00:00:00Z,2020-08-21T00:00:00Z,SA-02,Makkah Region,wind850_speed,m s-1,191,191,1.4581344,5.8732882,9.2601833,10.077064
handoff/mazu_like/mazu_like_20200820_00_lead024.nc,2020-08-20T00:00:00Z,24,2020-08-20T00:00:00Z,2020-08-21T00:00:00Z,SA-02,Makkah Region,wind_shear_850_200,m s-1,191,191,8.6860762,17.307351,21.774488,23.882961
handoff/mazu_like/mazu_like_20200820_00_lead024.nc,2020-08-20T00:00:00Z,24,2020-08-20T00:00:00Z,2020-08-21T00:00:00Z,SA-02,Makkah Region,omega500,Pa s-1,191,191,-0.13850462,0.0054431707,0.076988026,0.15580323
handoff/mazu_like/mazu_like_20200820_00_lead024.nc,2020-08-20T00:00:00Z,24,2020-08-20T00:00:00Z,2020-08-21T00:00:00Z,SA-02,Makkah Region,geopotential_height500,gpm,191,191,5896.562,5905.8391,5909.5129,5910.5356
handoff/mazu_like/mazu_like_20200820_00_lead024.nc,2020-08-20T00:00:00Z,24,2020-08-20T00:00:00Z,2020-08-21T00:00:00Z,SA-03,Al Madinah Region,daily_precip_total,mm,207,207,0,0.13620511,0.26756352,0.38557979
handoff/mazu_like/mazu_like_20200820_00_lead024.nc,2020-08-20T00:00:00Z,24,2020-08-20T00:00:00Z,2020-08-21T00:00:00Z,SA-03,Al Madinah Region,t2m_c,degC,207,207,29.746735,35.097669,36.904865,37.723297
handoff/mazu_like/mazu_like_20200820_00_lead024.nc,2020-08-20T00:00:00Z,24,2020-08-20T00:00:00Z,2020-08-21T00:00:00Z,SA-03,Al Madinah Region,tmax_c,degC,207,207,35.148224,41.301938,43.197205,44.210358
handoff/mazu_like/mazu_like_20200820_00_lead024.nc,2020-08-20T00:00:00Z,24,2020-08-20T00:00:00Z,2020-08-21T00:00:00Z,SA-03,Al Madinah Region,tmin_c,degC,207,207,23.269989,29.646743,31.900595,32.74472
handoff/mazu_like/mazu_like_20200820_00_lead024.nc,2020-08-20T00:00:00Z,24,2020-08-20T00:00:00Z,2020-08-21T00:00:00Z,SA-03,Al Madinah Region,wind10_speed,m s-1,207,207,1.9529871,3.1029651,4.2837818,6.3494349
handoff/mazu_like/mazu_like_20200820_00_lead024.nc,2020-08-20T00:00:00Z,24,2020-08-20T00:00:00Z,2020-08-21T00:00:00Z,SA-03,Al Madinah Region,pwat,kg m-2,207,207,18.85306,23.705218,29.861538,33.014683
handoff/mazu_like/mazu_like_20200820_00_lead024.nc,2020-08-20T00:00:00Z,24,2020-08-20T00:00:00Z,2020-08-21T00:00:00Z,SA-03,Al Madinah Region,ivt,kg m-1 s-1,207,207,26.549485,70.72386,89.203333,106.5898
handoff/mazu_like/mazu_like_20200820_00_lead024.nc,2020-08-20T00:00:00Z,24,2020-08-20T00:00:00Z,2020-08-21T00:00:00Z,SA-03,Al Madinah Region,wind850_speed,m s-1,207,207,3.0149715,5.9447415,7.6121825,7.949399
handoff/mazu_like/mazu_like_20200820_00_lead024.nc,2020-08-20T00:00:00Z,24,2020-08-20T00:00:00Z,2020-08-21T00:00:00Z,SA-03,Al Madinah Region,wind_shear_850_200,m s-1,207,207,6.6187606,13.853235,18.511611,19.334562
handoff/mazu_like/mazu_like_20200820_00_lead024.nc,2020-08-20T00:00:00Z,24,2020-08-20T00:00:00Z,2020-08-21T00:00:00Z,SA-03,Al Madinah Region,omega500,Pa s-1,207,207,-0.082832523,0.011120721,0.077942627,0.14065054
handoff/mazu_like/mazu_like_20200820_00_lead024.nc,2020-08-20T00:00:00Z,24,2020-08-20T00:00:00Z,2020-08-21T00:00:00Z,SA-03,Al Madinah Region,geopotential_height500,gpm,207,207,5908.0811,5911.0733,5913.0891,5914.3545
handoff/mazu_like/mazu_like_20200820_00_lead024.nc,2020-08-20T00:00:00Z,24,2020-08-20T00:00:00Z,2020-08-21T00:00:00Z,SA-04,Eastern Region,daily_precip_total,mm,798,798,0,0.17661972,0.27943687,0.35908905
handoff/mazu_like/mazu_like_20200820_00_lead024.nc,2020-08-20T00:00:00Z,24,2020-08-20T00:00:00Z,2020-08-21T00:00:00Z,SA-04,Eastern Region,t2m_c,degC,798,798,34.67514,36.874021,40.028587,40.594391
handoff/mazu_like/mazu_like_20200820_00_lead024.nc,2020-08-20T00:00:00Z,24,2020-08-20T00:00:00Z,2020-08-21T00:00:00Z,SA-04,Eastern Region,tmax_c,degC,798,798,36.474213,43.457505,46.041931,46.4953
handoff/mazu_like/mazu_like_20200820_00_lead024.nc,2020-08-20T00:00:00Z,24,2020-08-20T00:00:00Z,2020-08-21T00:00:00Z,SA-04,Eastern Region,tmin_c,degC,798,798,27.110382,30.573764,34.45871,35.673126
handoff/mazu_like/mazu_like_20200820_00_lead024.nc,2020-08-20T00:00:00Z,24,2020-08-20T00:00:00Z,2020-08-21T00:00:00Z,SA-04,Eastern Region,wind10_speed,m s-1,798,798,1.2703021,3.5984811,4.8955713,5.9811039
handoff/mazu_like/mazu_like_20200820_00_lead024.nc,2020-08-20T00:00:00Z,24,2020-08-20T00:00:00Z,2020-08-21T00:00:00Z,SA-04,Eastern Region,pwat,kg m-2,798,798,13.467966,27.201555,40.336219,41.900686
handoff/mazu_like/mazu_like_20200820_00_lead024.nc,2020-08-20T00:00:00Z,24,2020-08-20T00:00:00Z,2020-08-21T00:00:00Z,SA-04,Eastern Region,ivt,kg m-1 s-1,798,798,35.788836,96.423687,150.35852,167.58601
handoff/mazu_like/mazu_like_20200820_00_lead024.nc,2020-08-20T00:00:00Z,24,2020-08-20T00:00:00Z,2020-08-21T00:00:00Z,SA-04,Eastern Region,wind850_speed,m s-1,798,798,1.4509416,5.6926563,9.9035799,11.038904
handoff/mazu_like/mazu_like_20200820_00_lead024.nc,2020-08-20T00:00:00Z,24,2020-08-20T00:00:00Z,2020-08-21T00:00:00Z,SA-04,Eastern Region,wind_shear_850_200,m s-1,798,798,8.7651443,16.022,19.798502,21.123228
handoff/mazu_like/mazu_like_20200820_00_lead024.nc,2020-08-20T00:00:00Z,24,2020-08-20T00:00:00Z,2020-08-21T00:00:00Z,SA-04,Eastern Region,omega500,Pa s-1,798,798,-0.022733212,0.026012354,0.054045965,0.076414868
handoff/mazu_like/mazu_like_20200820_00_lead024.nc,2020-08-20T00:00:00Z,24,2020-08-20T00:00:00Z,2020-08-21T00:00:00Z,SA-04,Eastern Region,geopotential_height500,gpm,798,798,5889.1323,5901.6702,5910.8741,5912.0024
handoff/mazu_like/mazu_like_20200820_00_lead024.nc,2020-08-20T00:00:00Z,24,2020-08-20T00:00:00Z,2020-08-21T00:00:00Z,SA-05,Al-Qassim Region,daily_precip_total,mm,96,96,0.066375569,0.17588344,0.29165163,0.3478229
handoff/mazu_like/mazu_like_20200820_00_lead024.nc,2020-08-20T00:00:00Z,24,2020-08-20T00:00:00Z,2020-08-21T00:00:00Z,SA-05,Al-Qassim Region,t2m_c,degC,96,96,34.395508,35.303691,36.00737,36.098724
handoff/mazu_like/mazu_like_20200820_00_lead024.nc,2020-08-20T00:00:00Z,24,2020-08-20T00:00:00Z,2020-08-21T00:00:00Z,SA-05,Al-Qassim Region,tmax_c,degC,96,96,41.338257,42.140153,42.60144,42.753845
handoff/mazu_like/mazu_like_20200820_00_lead024.nc,2020-08-20T00:00:00Z,24,2020-08-20T00:00:00Z,2020-08-21T00:00:00Z,SA-05,Al-Qassim Region,tmin_c,degC,96,96,27.740387,29.112296,30.075867,30.270905
handoff/mazu_like/mazu_like_20200820_00_lead024.nc,2020-08-20T00:00:00Z,24,2020-08-20T00:00:00Z,2020-08-21T00:00:00Z,SA-05,Al-Qassim Region,wind10_speed,m s-1,96,96,1.3229827,2.2291357,3.1066451,3.2183256
handoff/mazu_like/mazu_like_20200820_00_lead024.nc,2020-08-20T00:00:00Z,24,2020-08-20T00:00:00Z,2020-08-21T00:00:00Z,SA-05,Al-Qassim Region,pwat,kg m-2,96,96,17.541529,18.949755,20.870907,21.493609
handoff/mazu_like/mazu_like_20200820_00_lead024.nc,2020-08-20T00:00:00Z,24,2020-08-20T00:00:00Z,2020-08-21T00:00:00Z,SA-05,Al-Qassim Region,ivt,kg m-1 s-1,96,96,18.79748,52.284583,109.80393,125.0333
handoff/mazu_like/mazu_like_20200820_00_lead024.nc,2020-08-20T00:00:00Z,24,2020-08-20T00:00:00Z,2020-08-21T00:00:00Z,SA-05,Al-Qassim Region,wind850_speed,m s-1,96,96,2.976604,3.9008278,4.7937284,5.4670649
handoff/mazu_like/mazu_like_20200820_00_lead024.nc,2020-08-20T00:00:00Z,24,2020-08-20T00:00:00Z,2020-08-21T00:00:00Z,SA-05,Al-Qassim Region,wind_shear_850_200,m s-1,96,96,4.5856099,6.1145453,7.6602652,7.950592
handoff/mazu_like/mazu_like_20200820_00_lead024.nc,2020-08-20T00:00:00Z,24,2020-08-20T00:00:00Z,2020-08-21T00:00:00Z,SA-05,Al-Qassim Region,omega500,Pa s-1,96,96,-0.034926366,0.0028433464,0.024886743,0.035975985
handoff/mazu_like/mazu_like_20200820_00_lead024.nc,2020-08-20T00:00:00Z,24,2020-08-20T00:00:00Z,2020-08-21T00:00:00Z,SA-05,Al-Qassim Region,geopotential_height500,gpm,96,96,5909.8818,5911.4979,5912.3787,5912.7153
handoff/mazu_like/mazu_like_20200820_00_lead024.nc,2020-08-20T00:00:00Z,24,2020-08-20T00:00:00Z,2020-08-21T00:00:00Z,SA-06,Hayel Region,daily_precip_total,mm,163,163,0.072244272,0.21529267,0.30985075,0.38040343
handoff/mazu_like/mazu_like_20200820_00_lead024.nc,2020-08-20T00:00:00Z,24,2020-08-20T00:00:00Z,2020-08-21T00:00:00Z,SA-06,Hayel Region,t2m_c,degC,163,163,32.20105,34.107862,35.798041,36.026215
handoff/mazu_like/mazu_like_20200820_00_lead024.nc,2020-08-20T00:00:00Z,24,2020-08-20T00:00:00Z,2020-08-21T00:00:00Z,SA-06,Hayel Region,tmax_c,degC,163,163,39.21756,41.289725,42.363702,42.55011
handoff/mazu_like/mazu_like_20200820_00_lead024.nc,2020-08-20T00:00:00Z,24,2020-08-20T00:00:00Z,2020-08-21T00:00:00Z,SA-06,Hayel Region,tmin_c,degC,163,163,25.173828,27.608281,30.143369,30.885529
handoff/mazu_like/mazu_like_20200820_00_lead024.nc,2020-08-20T00:00:00Z,24,2020-08-20T00:00:00Z,2020-08-21T00:00:00Z,SA-06,Hayel Region,wind10_speed,m s-1,163,163,1.4495835,2.529111,3.7188798,4.2562609
handoff/mazu_like/mazu_like_20200820_00_lead024.nc,2020-08-20T00:00:00Z,24,2020-08-20T00:00:00Z,2020-08-21T00:00:00Z,SA-06,Hayel Region,pwat,kg m-2,163,163,17.327888,18.828594,20.899774,22.883981
handoff/mazu_like/mazu_like_20200820_00_lead024.nc,2020-08-20T00:00:00Z,24,2020-08-20T00:00:00Z,2020-08-21T00:00:00Z,SA-06,Hayel Region,ivt,kg m-1 s-1,163,163,18.587153,58.718483,96.168327,119.70171
handoff/mazu_like/mazu_like_20200820_00_lead024.nc,2020-08-20T00:00:00Z,24,2020-08-20T00:00:00Z,2020-08-21T00:00:00Z,SA-06,Hayel Region,wind850_speed,m s-1,163,163,2.5651546,4.3395382,6.5607118,7.6708279
handoff/mazu_like/mazu_like_20200820_00_lead024.nc,2020-08-20T00:00:00Z,24,2020-08-20T00:00:00Z,2020-08-21T00:00:00Z,SA-06,Hayel Region,wind_shear_850_200,m s-1,163,163,3.7181072,6.3964267,10.560028,13.326817
handoff/mazu_like/mazu_like_20200820_00_lead024.nc,2020-08-20T00:00:00Z,24,2020-08-20T00:00:00Z,2020-08-21T00:00:00Z,SA-06,Hayel Region,omega500,Pa s-1,163,163,-0.064472295,0.010851613,0.055580158,0.11149672
handoff/mazu_like/mazu_like_20200820_00_lead024.nc,2020-08-20T00:00:00Z,24,2020-08-20T00:00:00Z,2020-08-21T00:00:00Z,SA-06,Hayel Region,geopotential_height500,gpm,163,163,5911.0103,5912.7444,5913.9533,5914.8838
handoff/mazu_like/mazu_like_20200820_00_lead024.nc,2020-08-20T00:00:00Z,24,2020-08-20T00:00:00Z,2020-08-21T00:00:00Z,SA-07,Tabuk Region,daily_precip_total,mm,205,205,0,0.17097754,0.3035355,0.3582046
handoff/mazu_like/mazu_like_20200820_00_lead024.nc,2020-08-20T00:00:00Z,24,2020-08-20T00:00:00Z,2020-08-21T00:00:00Z,SA-07,Tabuk Region,t2m_c,degC,205,205,27.789886,32.186085,34.268256,35.227478
handoff/mazu_like/mazu_like_20200820_00_lead024.nc,2020-08-20T00:00:00Z,24,2020-08-20T00:00:00Z,2020-08-21T00:00:00Z,SA-07,Tabuk Region,tmax_c,degC,205,205,32.779388,38.709715,40.774506,41.15152
handoff/mazu_like/mazu_like_20200820_00_lead024.nc,2020-08-20T00:00:00Z,24,2020-08-20T00:00:00Z,2020-08-21T00:00:00Z,SA-07,Tabuk Region,tmin_c,degC,205,205,21.919525,26.642474,30.170459,31.512634
handoff/mazu_like/mazu_like_20200820_00_lead024.nc,2020-08-20T00:00:00Z,24,2020-08-20T00:00:00Z,2020-08-21T00:00:00Z,SA-07,Tabuk Region,wind10_speed,m s-1,205,205,1.4694717,2.993929,3.9366226,5.9876914
handoff/mazu_like/mazu_like_20200820_00_lead024.nc,2020-08-20T00:00:00Z,24,2020-08-20T00:00:00Z,2020-08-21T00:00:00Z,SA-07,Tabuk Region,pwat,kg m-2,205,205,19.283981,21.415684,25.020305,27.625055
handoff/mazu_like/mazu_like_20200820_00_lead024.nc,2020-08-20T00:00:00Z,24,2020-08-20T00:00:00Z,2020-08-21T00:00:00Z,SA-07,Tabuk Region,ivt,kg m-1 s-1,205,205,46.028439,70.163243,88.900443,118.5618
handoff/mazu_like/mazu_like_20200820_00_lead024.nc,2020-08-20T00:00:00Z,24,2020-08-20T00:00:00Z,2020-08-21T00:00:00Z,SA-07,Tabuk Region,wind850_speed,m s-1,205,205,2.2561386,4.6476735,6.7944084,7.1424646
handoff/mazu_like/mazu_like_20200820_00_lead024.nc,2020-08-20T00:00:00Z,24,2020-08-20T00:00:00Z,2020-08-21T00:00:00Z,SA-07,Tabuk Region,wind_shear_850_200,m s-1,205,205,4.2559266,8.2272815,13.196053,15.653797
handoff/mazu_like/mazu_like_20200820_00_lead024.nc,2020-08-20T00:00:00Z,24,2020-08-20T00:00:00Z,2020-08-21T00:00:00Z,SA-07,Tabuk Region,omega500,Pa s-1,205,205,-0.022885911,0.01545355,0.044138077,0.065695167
handoff/mazu_like/mazu_like_20200820_00_lead024.nc,2020-08-20T00:00:00Z,24,2020-08-20T00:00:00Z,2020-08-21T00:00:00Z,SA-07,Tabuk Region,geopotential_height500,gpm,205,205,5907.2773,5911.4324,5912.879,5913.313
handoff/mazu_like/mazu_like_20200820_00_lead024.nc,2020-08-20T00:00:00Z,24,2020-08-20T00:00:00Z,2020-08-21T00:00:00Z,SA-08,Northern Borders Region,daily_precip_total,mm,169,169,0.073186733,0.17298028,0.25759363,0.30797815
handoff/mazu_like/mazu_like_20200820_00_lead024.nc,2020-08-20T00:00:00Z,24,2020-08-20T00:00:00Z,2020-08-21T00:00:00Z,SA-08,Northern Borders Region,t2m_c,degC,169,169,29.813995,33.641525,35.572339,35.735748
handoff/mazu_like/mazu_like_20200820_00_lead024.nc,2020-08-20T00:00:00Z,24,2020-08-20T00:00:00Z,2020-08-21T00:00:00Z,SA-08,Northern Borders Region,tmax_c,degC,169,169,37.222504,41.177904,43.269531,43.577057
handoff/mazu_like/mazu_like_20200820_00_lead024.nc,2020-08-20T00:00:00Z,24,2020-08-20T00:00:00Z,2020-08-21T00:00:00Z,SA-08,Northern Borders Region,tmin_c,degC,169,169,23.158905,26.908153,28.803278,29.176453
handoff/mazu_like/mazu_like_20200820_00_lead024.nc,2020-08-20T00:00:00Z,24,2020-08-20T00:00:00Z,2020-08-21T00:00:00Z,SA-08,Northern Borders Region,wind10_speed,m s-1,169,169,2.3585835,3.349863,3.8747172,4.1970119
handoff/mazu_like/mazu_like_20200820_00_lead024.nc,2020-08-20T00:00:00Z,24,2020-08-20T00:00:00Z,2020-08-21T00:00:00Z,SA-08,Northern Borders Region,pwat,kg m-2,169,169,15.165191,18.469569,20.631006,22.835422
handoff/mazu_like/mazu_like_20200820_00_lead024.nc,2020-08-20T00:00:00Z,24,2020-08-20T00:00:00Z,2020-08-21T00:00:00Z,SA-08,Northern Borders Region,ivt,kg m-1 s-1,169,169,93.015607,125.65704,145.04425,147.006
handoff/mazu_like/mazu_like_20200820_00_lead024.nc,2020-08-20T00:00:00Z,24,2020-08-20T00:00:00Z,2020-08-21T00:00:00Z,SA-08,Northern Borders Region,wind850_speed,m s-1,169,169,2.080009,5.126064,7.307276,8.9277763
handoff/mazu_like/mazu_like_20200820_00_lead024.nc,2020-08-20T00:00:00Z,24,2020-08-20T00:00:00Z,2020-08-21T00:00:00Z,SA-08,Northern Borders Region,wind_shear_850_200,m s-1,169,169,3.4860203,6.3494648,8.727796,9.5560255
handoff/mazu_like/mazu_like_20200820_00_lead024.nc,2020-08-20T00:00:00Z,24,2020-08-20T00:00:00Z,2020-08-21T00:00:00Z,SA-08,Northern Borders Region,omega500,Pa s-1,169,169,-0.019152474,0.019288289,0.042981274,0.048974641
handoff/mazu_like/mazu_like_20200820_00_lead024.nc,2020-08-20T00:00:00Z,24,2020-08-20T00:00:00Z,2020-08-21T00:00:00Z,SA-08,Northern Borders Region,geopotential_height500,gpm,169,169,5893.5317,5905.9465,5911.1271,5911.478
handoff/mazu_like/mazu_like_20200820_00_lead024.nc,2020-08-20T00:00:00Z,24,2020-08-20T00:00:00Z,2020-08-21T00:00:00Z,SA-09,Jazan Region,daily_precip_total,mm,22,22,0,0.61574756,2.8124819,3.1402643
handoff/mazu_like/mazu_like_20200820_00_lead024.nc,2020-08-20T00:00:00Z,24,2020-08-20T00:00:00Z,2020-08-21T00:00:00Z,SA-09,Jazan Region,t2m_c,degC,22,22,24.094482,32.858134,35.884999,36.118347
handoff/mazu_like/mazu_like_20200820_00_lead024.nc,2020-08-20T00:00:00Z,24,2020-08-20T00:00:00Z,2020-08-21T00:00:00Z,SA-09,Jazan Region,tmax_c,degC,22,22,27.256439,36.388777,40.47916,40.543182
handoff/mazu_like/mazu_like_20200820_00_lead024.nc,2020-08-20T00:00:00Z,24,2020-08-20T00:00:00Z,2020-08-21T00:00:00Z,SA-09,Jazan Region,tmin_c,degC,22,22,19.755432,30.106943,32.786139,33.071045
handoff/mazu_like/mazu_like_20200820_00_lead024.nc,2020-08-20T00:00:00Z,24,2020-08-20T00:00:00Z,2020-08-21T00:00:00Z,SA-09,Jazan Region,wind10_speed,m s-1,22,22,1.6429,2.282716,2.9815979,3.040978
handoff/mazu_like/mazu_like_20200820_00_lead024.nc,2020-08-20T00:00:00Z,24,2020-08-20T00:00:00Z,2020-08-21T00:00:00Z,SA-09,Jazan Region,pwat,kg m-2,22,22,47.438925,50.121111,52.390313,55.797174
handoff/mazu_like/mazu_like_20200820_00_lead024.nc,2020-08-20T00:00:00Z,24,2020-08-20T00:00:00Z,2020-08-21T00:00:00Z,SA-09,Jazan Region,ivt,kg m-1 s-1,22,22,90.363715,115.66581,140.87702,148.24546
handoff/mazu_like/mazu_like_20200820_00_lead024.nc,2020-08-20T00:00:00Z,24,2020-08-20T00:00:00Z,2020-08-21T00:00:00Z,SA-09,Jazan Region,wind850_speed,m s-1,22,22,1.5785445,2.5310274,3.7109818,4.1424775
handoff/mazu_like/mazu_like_20200820_00_lead024.nc,2020-08-20T00:00:00Z,24,2020-08-20T00:00:00Z,2020-08-21T00:00:00Z,SA-09,Jazan Region,wind_shear_850_200,m s-1,22,22,22.466711,23.407339,24.203172,24.897465
handoff/mazu_like/mazu_like_20200820_00_lead024.nc,2020-08-20T00:00:00Z,24,2020-08-20T00:00:00Z,2020-08-21T00:00:00Z,SA-09,Jazan Region,omega500,Pa s-1,22,22,-0.12675555,-0.0063768807,0.02603554,0.026535884
handoff/mazu_like/mazu_like_20200820_00_lead024.nc,2020-08-20T00:00:00Z,24,2020-08-20T00:00:00Z,2020-08-21T00:00:00Z,SA-09,Jazan Region,geopotential_height500,gpm,22,22,5891.0742,5893.7583,5895.9422,5896.1069
handoff/mazu_like/mazu_like_20200820_00_lead024.nc,2020-08-20T00:00:00Z,24,2020-08-20T00:00:00Z,2020-08-21T00:00:00Z,SA-10,Najran Region,daily_precip_total,mm,123,123,0.12829956,0.29812314,0.37722297,0.40680712
handoff/mazu_like/mazu_like_20200820_00_lead024.nc,2020-08-20T00:00:00Z,24,2020-08-20T00:00:00Z,2020-08-21T00:00:00Z,SA-10,Najran Region,t2m_c,degC,123,123,27.531769,33.996875,35.754373,35.983612
handoff/mazu_like/mazu_like_20200820_00_lead024.nc,2020-08-20T00:00:00Z,24,2020-08-20T00:00:00Z,2020-08-21T00:00:00Z,SA-10,Najran Region,tmax_c,degC,123,123,34.490601,40.681574,42.146109,42.39682
handoff/mazu_like/mazu_like_20200820_00_lead024.nc,2020-08-20T00:00:00Z,24,2020-08-20T00:00:00Z,2020-08-21T00:00:00Z,SA-10,Najran Region,tmin_c,degC,123,123,20.224396,27.803668,30.490979,30.956543
handoff/mazu_like/mazu_like_20200820_00_lead024.nc,2020-08-20T00:00:00Z,24,2020-08-20T00:00:00Z,2020-08-21T00:00:00Z,SA-10,Najran Region,wind10_speed,m s-1,123,123,1.930082,2.7307624,3.2690912,3.9199722
handoff/mazu_like/mazu_like_20200820_00_lead024.nc,2020-08-20T00:00:00Z,24,2020-08-20T00:00:00Z,2020-08-21T00:00:00Z,SA-10,Najran Region,pwat,kg m-2,123,123,18.133255,20.309781,23.071199,25.744644
handoff/mazu_like/mazu_like_20200820_00_lead024.nc,2020-08-20T00:00:00Z,24,2020-08-20T00:00:00Z,2020-08-21T00:00:00Z,SA-10,Najran Region,ivt,kg m-1 s-1,123,123,50.72548,88.76255,109.71578,111.9961
handoff/mazu_like/mazu_like_20200820_00_lead024.nc,2020-08-20T00:00:00Z,24,2020-08-20T00:00:00Z,2020-08-21T00:00:00Z,SA-10,Najran Region,wind850_speed,m s-1,123,123,2.0553164,4.8561825,5.4690582,5.853931
handoff/mazu_like/mazu_like_20200820_00_lead024.nc,2020-08-20T00:00:00Z,24,2020-08-20T00:00:00Z,2020-08-21T00:00:00Z,SA-10,Najran Region,wind_shear_850_200,m s-1,123,123,15.126697,17.243598,20.491534,22.010715
handoff/mazu_like/mazu_like_20200820_00_lead024.nc,2020-08-20T00:00:00Z,24,2020-08-20T00:00:00Z,2020-08-21T00:00:00Z,SA-10,Najran Region,omega500,Pa s-1,123,123,-0.06659846,0.00027855881,0.043095543,0.047532119
handoff/mazu_like/mazu_like_20200820_00_lead024.nc,2020-08-20T00:00:00Z,24,2020-08-20T00:00:00Z,2020-08-21T00:00:00Z,SA-10,Najran Region,geopotential_height500,gpm,123,123,5888.9189,5892.4503,5895.6505,5896.8931
handoff/mazu_like/mazu_like_20200820_00_lead024.nc,2020-08-20T00:00:00Z,24,2020-08-20T00:00:00Z,2020-08-21T00:00:00Z,SA-11,Al Bahah Region,daily_precip_total,mm,12,12,0.14523508,1.3056759,3.8843123,4.3865304
handoff/mazu_like/mazu_like_20200820_00_lead024.nc,2020-08-20T00:00:00Z,24,2020-08-20T00:00:00Z,2020-08-21T00:00:00Z,SA-11,Al Bahah Region,t2m_c,degC,12,12,28.255859,31.593165,34.646881,35.020844
handoff/mazu_like/mazu_like_20200820_00_lead024.nc,2020-08-20T00:00:00Z,24,2020-08-20T00:00:00Z,2020-08-21T00:00:00Z,SA-11,Al Bahah Region,tmax_c,degC,12,12,32.034393,35.96151,38.467001,38.791718
handoff/mazu_like/mazu_like_20200820_00_lead024.nc,2020-08-20T00:00:00Z,24,2020-08-20T00:00:00Z,2020-08-21T00:00:00Z,SA-11,Al Bahah Region,tmin_c,degC,12,12,24.808563,28.017228,32.212459,32.493317
handoff/mazu_like/mazu_like_20200820_00_lead024.nc,2020-08-20T00:00:00Z,24,2020-08-20T00:00:00Z,2020-08-21T00:00:00Z,SA-11,Al Bahah Region,wind10_speed,m s-1,12,12,1.1313287,1.8622761,2.8026276,3.1141543
handoff/mazu_like/mazu_like_20200820_00_lead024.nc,2020-08-20T00:00:00Z,24,2020-08-20T00:00:00Z,2020-08-21T00:00:00Z,SA-11,Al Bahah Region,pwat,kg m-2,12,12,25.537598,42.219472,52.120514,52.808983
handoff/mazu_like/mazu_like_20200820_00_lead024.nc,2020-08-20T00:00:00Z,24,2020-08-20T00:00:00Z,2020-08-21T00:00:00Z,SA-11,Al Bahah Region,ivt,kg m-1 s-1,12,12,86.620021,102.13768,115.03967,116.04083
handoff/mazu_like/mazu_like_20200820_00_lead024.nc,2020-08-20T00:00:00Z,24,2020-08-20T00:00:00Z,2020-08-21T00:00:00Z,SA-11,Al Bahah Region,wind850_speed,m s-1,12,12,1.3305728,2.4861216,3.7382065,3.9525466
handoff/mazu_like/mazu_like_20200820_00_lead024.nc,2020-08-20T00:00:00Z,24,2020-08-20T00:00:00Z,2020-08-21T00:00:00Z,SA-11,Al Bahah Region,wind_shear_850_200,m s-1,12,12,17.833687,18.620571,19.589108,19.681631
handoff/mazu_like/mazu_like_20200820_00_lead024.nc,2020-08-20T00:00:00Z,24,2020-08-20T00:00:00Z,2020-08-21T00:00:00Z,SA-11,Al Bahah Region,omega500,Pa s-1,12,12,-0.043194108,0.020001621,0.064069236,0.073976122
handoff/mazu_like/mazu_like_20200820_00_lead024.nc,2020-08-20T00:00:00Z,24,2020-08-20T00:00:00Z,2020-08-21T00:00:00Z,SA-11,Al Bahah Region,geopotential_height500,gpm,12,12,5900.1709,5902.2458,5904.5293,5904.6255
handoff/mazu_like/mazu_like_20200820_00_lead024.nc,2020-08-20T00:00:00Z,24,2020-08-20T00:00:00Z,2020-08-21T00:00:00Z,SA-12,Al Jawf Region,daily_precip_total,mm,122,122,0.12303623,0.196599,0.25469261,0.28083497
handoff/mazu_like/mazu_like_20200820_00_lead024.nc,2020-08-20T00:00:00Z,24,2020-08-20T00:00:00Z,2020-08-21T00:00:00Z,SA-12,Al Jawf Region,t2m_c,degC,122,122,29.813232,32.803016,34.118837,34.444
handoff/mazu_like/mazu_like_20200820_00_lead024.nc,2020-08-20T00:00:00Z,24,2020-08-20T00:00:00Z,2020-08-21T00:00:00Z,SA-12,Al Jawf Region,tmax_c,degC,122,122,37.064453,39.980032,41.017448,41.506775
handoff/mazu_like/mazu_like_20200820_00_lead024.nc,2020-08-20T00:00:00Z,24,2020-08-20T00:00:00Z,2020-08-21T00:00:00Z,SA-12,Al Jawf Region,tmin_c,degC,122,122,23.433289,26.858622,27.771227,28.041351
handoff/mazu_like/mazu_like_20200820_00_lead024.nc,2020-08-20T00:00:00Z,24,2020-08-20T00:00:00Z,2020-08-21T00:00:00Z,SA-12,Al Jawf Region,wind10_speed,m s-1,122,122,1.1712286,2.5615694,4.0264769,4.3371358
handoff/mazu_like/mazu_like_20200820_00_lead024.nc,2020-08-20T00:00:00Z,24,2020-08-20T00:00:00Z,2020-08-21T00:00:00Z,SA-12,Al Jawf Region,pwat,kg m-2,122,122,19.016248,20.513296,24.176872,24.941443
handoff/mazu_like/mazu_like_20200820_00_lead024.nc,2020-08-20T00:00:00Z,24,2020-08-20T00:00:00Z,2020-08-21T00:00:00Z,SA-12,Al Jawf Region,ivt,kg m-1 s-1,122,122,48.002245,92.009923,125.66888,136.57455
handoff/mazu_like/mazu_like_20200820_00_lead024.nc,2020-08-20T00:00:00Z,24,2020-08-20T00:00:00Z,2020-08-21T00:00:00Z,SA-12,Al Jawf Region,wind850_speed,m s-1,122,122,1.6629629,2.8352653,4.4293668,5.9850955
handoff/mazu_like/mazu_like_20200820_00_lead024.nc,2020-08-20T00:00:00Z,24,2020-08-20T00:00:00Z,2020-08-21T00:00:00Z,SA-12,Al Jawf Region,wind_shear_850_200,m s-1,122,122,3.2442102,4.7328633,8.5081587,9.6006298
handoff/mazu_like/mazu_like_20200820_00_lead024.nc,2020-08-20T00:00:00Z,24,2020-08-20T00:00:00Z,2020-08-21T00:00:00Z,SA-12,Al Jawf Region,omega500,Pa s-1,122,122,-0.029887874,0.018653352,0.046253152,0.051293105
handoff/mazu_like/mazu_like_20200820_00_lead024.nc,2020-08-20T00:00:00Z,24,2020-08-20T00:00:00Z,2020-08-21T00:00:00Z,SA-12,Al Jawf Region,geopotential_height500,gpm,122,122,5896.0957,5907.5905,5911.5164,5912.5664
handoff/mazu_like/mazu_like_20200820_00_lead024.nc,2020-08-20T00:00:00Z,24,2020-08-20T00:00:00Z,2020-08-21T00:00:00Z,SA-14,'Asir Region,daily_precip_total,mm,104,104,0,0.55539274,2.2168862,5.3497653
handoff/mazu_like/mazu_like_20200820_00_lead024.nc,2020-08-20T00:00:00Z,24,2020-08-20T00:00:00Z,2020-08-21T00:00:00Z,SA-14,'Asir Region,t2m_c,degC,104,104,23.792023,31.623382,35.275926,35.736481
handoff/mazu_like/mazu_like_20200820_00_lead024.nc,2020-08-20T00:00:00Z,24,2020-08-20T00:00:00Z,2020-08-21T00:00:00Z,SA-14,'Asir Region,tmax_c,degC,104,104,27.494141,37.393461,41.674779,42.401794
handoff/mazu_like/mazu_like_20200820_00_lead024.nc,2020-08-20T00:00:00Z,24,2020-08-20T00:00:00Z,2020-08-21T00:00:00Z,SA-14,'Asir Region,tmin_c,degC,104,104,19.055511,26.227993,30.499515,32.306091
handoff/mazu_like/mazu_like_20200820_00_lead024.nc,2020-08-20T00:00:00Z,24,2020-08-20T00:00:00Z,2020-08-21T00:00:00Z,SA-14,'Asir Region,wind10_speed,m s-1,104,104,0.76077437,2.5456106,3.466532,3.8802967
handoff/mazu_like/mazu_like_20200820_00_lead024.nc,2020-08-20T00:00:00Z,24,2020-08-20T00:00:00Z,2020-08-21T00:00:00Z,SA-14,'Asir Region,pwat,kg m-2,104,104,18.065197,25.561187,48.84434,51.368296
handoff/mazu_like/mazu_like_20200820_00_lead024.nc,2020-08-20T00:00:00Z,24,2020-08-20T00:00:00Z,2020-08-21T00:00:00Z,SA-14,'Asir Region,ivt,kg m-1 s-1,104,104,82.31356,102.27166,112.45422,116.97394
handoff/mazu_like/mazu_like_20200820_00_lead024.nc,2020-08-20T00:00:00Z,24,2020-08-20T00:00:00Z,2020-08-21T00:00:00Z,SA-14,'Asir Region,wind850_speed,m s-1,104,104,0.85024548,3.5182701,5.7890842,6.5644269
handoff/mazu_like/mazu_like_20200820_00_lead024.nc,2020-08-20T00:00:00Z,24,2020-08-20T00:00:00Z,2020-08-21T00:00:00Z,SA-14,'Asir Region,wind_shear_850_200,m s-1,104,104,11.525017,18.132313,21.415025,21.997131
handoff/mazu_like/mazu_like_20200820_00_lead024.nc,2020-08-20T00:00:00Z,24,2020-08-20T00:00:00Z,2020-08-21T00:00:00Z,SA-14,'Asir Region,omega500,Pa s-1,104,104,-0.073067307,-0.016975406,0.040978149,0.07644815
handoff/mazu_like/mazu_like_20200820_00_lead024.nc,2020-08-20T00:00:00Z,24,2020-08-20T00:00:00Z,2020-08-21T00:00:00Z,SA-14,'Asir Region,geopotential_height500,gpm,104,104,5893.0488,5898.1758,5901.9959,5903.2202
handoff/mazu_like/mazu_like_20200820_00_lead048.nc,2020-08-20T00:00:00Z,48,2020-08-21T00:00:00Z,2020-08-22T00:00:00Z,SA-01,Riyadh Region,daily_precip_total,mm,531,531,0.050784912,0.30496064,0.44850788,0.52744347
handoff/mazu_like/mazu_like_20200820_00_lead048.nc,2020-08-20T00:00:00Z,48,2020-08-21T00:00:00Z,2020-08-22T00:00:00Z,SA-01,Riyadh Region,t2m_c,degC,531,531,34.329285,36.049065,36.960571,37.354645
handoff/mazu_like/mazu_like_20200820_00_lead048.nc,2020-08-20T00:00:00Z,48,2020-08-21T00:00:00Z,2020-08-22T00:00:00Z,SA-01,Riyadh Region,tmax_c,degC,531,531,40.145477,42.486678,43.608887,44.011658
handoff/mazu_like/mazu_like_20200820_00_lead048.nc,2020-08-20T00:00:00Z,48,2020-08-21T00:00:00Z,2020-08-22T00:00:00Z,SA-01,Riyadh Region,tmin_c,degC,531,531,27.353607,30.353421,31.945358,32.893921
handoff/mazu_like/mazu_like_20200820_00_lead048.nc,2020-08-20T00:00:00Z,48,2020-08-21T00:00:00Z,2020-08-22T00:00:00Z,SA-01,Riyadh Region,wind10_speed,m s-1,531,531,1.2372296,2.5498674,3.3103296,3.9890814
handoff/mazu_like/mazu_like_20200820_00_lead048.nc,2020-08-20T00:00:00Z,48,2020-08-21T00:00:00Z,2020-08-22T00:00:00Z,SA-01,Riyadh Region,pwat,kg m-2,531,531,19.235726,22.159351,24.238658,25.460192
handoff/mazu_like/mazu_like_20200820_00_lead048.nc,2020-08-20T00:00:00Z,48,2020-08-21T00:00:00Z,2020-08-22T00:00:00Z,SA-01,Riyadh Region,ivt,kg m-1 s-1,531,531,19.058599,84.317153,133.75229,139.98722
handoff/mazu_like/mazu_like_20200820_00_lead048.nc,2020-08-20T00:00:00Z,48,2020-08-21T00:00:00Z,2020-08-22T00:00:00Z,SA-01,Riyadh Region,wind850_speed,m s-1,531,531,2.5699244,4.9514044,6.7623878,8.9473457
handoff/mazu_like/mazu_like_20200820_00_lead048.nc,2020-08-20T00:00:00Z,48,2020-08-21T00:00:00Z,2020-08-22T00:00:00Z,SA-01,Riyadh Region,wind_shear_850_200,m s-1,531,531,4.4030972,13.87339,18.110296,19.332624
handoff/mazu_like/mazu_like_20200820_00_lead048.nc,2020-08-20T00:00:00Z,48,2020-08-21T00:00:00Z,2020-08-22T00:00:00Z,SA-01,Riyadh Region,omega500,Pa s-1,531,531,-0.075746447,-0.0093730401,0.038919333,0.057561662
handoff/mazu_like/mazu_like_20200820_00_lead048.nc,2020-08-20T00:00:00Z,48,2020-08-21T00:00:00Z,2020-08-22T00:00:00Z,SA-01,Riyadh Region,geopotential_height500,gpm,531,531,5900.7485,5908.717,5911.6807,5913.2417
handoff/mazu_like/mazu_like_20200820_00_lead048.nc,2020-08-20T00:00:00Z,48,2020-08-21T00:00:00Z,2020-08-22T00:00:00Z,SA-02,Makkah Region,daily_precip_total,mm,191,191,0.00084845669,0.40065639,0.65863556,2.7189651
handoff/mazu_like/mazu_like_20200820_00_lead048.nc,2020-08-20T00:00:00Z,48,2020-08-21T00:00:00Z,2020-08-22T00:00:00Z,SA-02,Makkah Region,t2m_c,degC,191,191,29.545715,34.685826,36.639389,37.06778
handoff/mazu_like/mazu_like_20200820_00_lead048.nc,2020-08-20T00:00:00Z,48,2020-08-21T00:00:00Z,2020-08-22T00:00:00Z,SA-02,Makkah Region,tmax_c,degC,191,191,34.054657,40.313179,42.452972,42.870514
handoff/mazu_like/mazu_like_20200820_00_lead048.nc,2020-08-20T00:00:00Z,48,2020-08-21T00:00:00Z,2020-08-22T00:00:00Z,SA-02,Makkah Region,tmin_c,degC,191,191,25.453796,30.188242,32.423676,33.54248
handoff/mazu_like/mazu_like_20200820_00_lead048.nc,2020-08-20T00:00:00Z,48,2020-08-21T00:00:00Z,2020-08-22T00:00:00Z,SA-02,Makkah Region,wind10_speed,m s-1,191,191,0.97694862,3.0817555,4.6579683,5.9751701
handoff/mazu_like/mazu_like_20200820_00_lead048.nc,2020-08-20T00:00:00Z,48,2020-08-21T00:00:00Z,2020-08-22T00:00:00Z,SA-02,Makkah Region,pwat,kg m-2,191,191,21.162213,30.834989,49.717846,53.526295
handoff/mazu_like/mazu_like_20200820_00_lead048.nc,2020-08-20T00:00:00Z,48,2020-08-21T00:00:00Z,2020-08-22T00:00:00Z,SA-02,Makkah Region,ivt,kg m-1 s-1,191,191,24.940125,93.901821,171.86281,218.88546
handoff/mazu_like/mazu_like_20200820_00_lead048.nc,2020-08-20T00:00:00Z,48,2020-08-21T00:00:00Z,2020-08-22T00:00:00Z,SA-02,Makkah Region,wind850_speed,m s-1,191,191,1.382126,6.2155849,10.203485,11.410476
handoff/mazu_like/mazu_like_20200820_00_lead048.nc,2020-08-20T00:00:00Z,48,2020-08-21T00:00:00Z,2020-08-22T00:00:00Z,SA-02,Makkah Region,wind_shear_850_200,m s-1,191,191,16.758673,20.624485,23.689959,24.289324
handoff/mazu_like/mazu_like_20200820_00_lead048.nc,2020-08-20T00:00:00Z,48,2020-08-21T00:00:00Z,2020-08-22T00:00:00Z,SA-02,Makkah Region,omega500,Pa s-1,191,191,-0.14695737,-0.0045320713,0.052590854,0.09197326
handoff/mazu_like/mazu_like_20200820_00_lead048.nc,2020-08-20T00:00:00Z,48,2020-08-21T00:00:00Z,2020-08-22T00:00:00Z,SA-02,Makkah Region,geopotential_height500,gpm,191,191,5903.6636,5911.4769,5913.6887,5914.3286
handoff/mazu_like/mazu_like_20200820_00_lead048.nc,2020-08-20T00:00:00Z,48,2020-08-21T00:00:00Z,2020-08-22T00:00:00Z,SA-03,Al Madinah Region,daily_precip_total,mm,207,207,0,0.23310375,0.37024505,0.43963414
handoff/mazu_like/mazu_like_20200820_00_lead048.nc,2020-08-20T00:00:00Z,48,2020-08-21T00:00:00Z,2020-08-22T00:00:00Z,SA-03,Al Madinah Region,t2m_c,degC,207,207,28.814178,34.527612,36.827292,37.471649
handoff/mazu_like/mazu_like_20200820_00_lead048.nc,2020-08-20T00:00:00Z,48,2020-08-21T00:00:00Z,2020-08-22T00:00:00Z,SA-03,Al Madinah Region,tmax_c,degC,207,207,34.679443,40.836197,43.124414,43.513306
handoff/mazu_like/mazu_like_20200820_00_lead048.nc,2020-08-20T00:00:00Z,48,2020-08-21T00:00:00Z,2020-08-22T00:00:00Z,SA-03,Al Madinah Region,tmin_c,degC,207,207,23.407562,28.972858,31.618494,33.058685
handoff/mazu_like/mazu_like_20200820_00_lead048.nc,2020-08-20T00:00:00Z,48,2020-08-21T00:00:00Z,2020-08-22T00:00:00Z,SA-03,Al Madinah Region,wind10_speed,m s-1,207,207,1.6438584,3.6204772,4.8053407,6.1608076
handoff/mazu_like/mazu_like_20200820_00_lead048.nc,2020-08-20T00:00:00Z,48,2020-08-21T00:00:00Z,2020-08-22T00:00:00Z,SA-03,Al Madinah Region,pwat,kg m-2,207,207,21.261558,24.944096,29.253148,30.960416
handoff/mazu_like/mazu_like_20200820_00_lead048.nc,2020-08-20T00:00:00Z,48,2020-08-21T00:00:00Z,2020-08-22T00:00:00Z,SA-03,Al Madinah Region,ivt,kg m-1 s-1,207,207,44.550055,98.581006,120.20093,142.06878
handoff/mazu_like/mazu_like_20200820_00_lead048.nc,2020-08-20T00:00:00Z,48,2020-08-21T00:00:00Z,2020-08-22T00:00:00Z,SA-03,Al Madinah Region,wind850_speed,m s-1,207,207,2.9033988,6.450884,8.5223701,9.1907415
handoff/mazu_like/mazu_like_20200820_00_lead048.nc,2020-08-20T00:00:00Z,48,2020-08-21T00:00:00Z,2020-08-22T00:00:00Z,SA-03,Al Madinah Region,wind_shear_850_200,m s-1,207,207,6.6060715,15.344108,21.282726,22.591648
handoff/mazu_like/mazu_like_20200820_00_lead048.nc,2020-08-20T00:00:00Z,48,2020-08-21T00:00:00Z,2020-08-22T00:00:00Z,SA-03,Al Madinah Region,omega500,Pa s-1,207,207,-0.012136151,0.020930597,0.049979706,0.079356901
handoff/mazu_like/mazu_like_20200820_00_lead048.nc,2020-08-20T00:00:00Z,48,2020-08-21T00:00:00Z,2020-08-22T00:00:00Z,SA-03,Al Madinah Region,geopotential_height500,gpm,207,207,5911.0874,5913.4038,5914.6391,5915.8018
handoff/mazu_like/mazu_like_20200820_00_lead048.nc,2020-08-20T00:00:00Z,48,2020-08-21T00:00:00Z,2020-08-22T00:00:00Z,SA-04,Eastern Region,daily_precip_total,mm,798,798,0,0.28796492,0.46933365,0.67139512
handoff/mazu_like/mazu_like_20200820_00_lead048.nc,2020-08-20T00:00:00Z,48,2020-08-21T00:00:00Z,2020-08-22T00:00:00Z,SA-04,Eastern Region,t2m_c,degC,798,798,34.772217,37.255827,39.944568,40.649963
handoff/mazu_like/mazu_like_20200820_00_lead048.nc,2020-08-20T00:00:00Z,48,2020-08-21T00:00:00Z,2020-08-22T00:00:00Z,SA-04,Eastern Region,tmax_c,degC,798,798,36.82074,44.005157,45.987865,46.627197
handoff/mazu_like/mazu_like_20200820_00_lead048.nc,2020-08-20T00:00:00Z,48,2020-08-21T00:00:00Z,2020-08-22T00:00:00Z,SA-04,Eastern Region,tmin_c,degC,798,798,27.567261,30.994728,34.717682,35.340149
handoff/mazu_like/mazu_like_20200820_00_lead048.nc,2020-08-20T00:00:00Z,48,2020-08-21T00:00:00Z,2020-08-22T00:00:00Z,SA-04,Eastern Region,wind10_speed,m s-1,798,798,0.85028642,3.3040905,4.4351064,4.9568
handoff/mazu_like/mazu_like_20200820_00_lead048.nc,2020-08-20T00:00:00Z,48,2020-08-21T00:00:00Z,2020-08-22T00:00:00Z,SA-04,Eastern Region,pwat,kg m-2,798,798,15.516869,27.432508,41.858242,45.005852
handoff/mazu_like/mazu_like_20200820_00_lead048.nc,2020-08-20T00:00:00Z,48,2020-08-21T00:00:00Z,2020-08-22T00:00:00Z,SA-04,Eastern Region,ivt,kg m-1 s-1,798,798,62.104884,111.53796,155.82277,173.26345
handoff/mazu_like/mazu_like_20200820_00_lead048.nc,2020-08-20T00:00:00Z,48,2020-08-21T00:00:00Z,2020-08-22T00:00:00Z,SA-04,Eastern Region,wind850_speed,m s-1,798,798,2.022881,5.5755484,10.032108,12.013681
handoff/mazu_like/mazu_like_20200820_00_lead048.nc,2020-08-20T00:00:00Z,48,2020-08-21T00:00:00Z,2020-08-22T00:00:00Z,SA-04,Eastern Region,wind_shear_850_200,m s-1,798,798,5.4174757,18.296624,23.266969,24.477039
handoff/mazu_like/mazu_like_20200820_00_lead048.nc,2020-08-20T00:00:00Z,48,2020-08-21T00:00:00Z,2020-08-22T00:00:00Z,SA-04,Eastern Region,omega500,Pa s-1,798,798,-0.11813744,0.0064113867,0.056978674,0.094848812
handoff/mazu_like/mazu_like_20200820_00_lead048.nc,2020-08-20T00:00:00Z,48,2020-08-21T00:00:00Z,2020-08-22T00:00:00Z,SA-04,Eastern Region,geopotential_height500,gpm,798,798,5893.1914,5904.7632,5910.1732,5911.4819
handoff/mazu_like/mazu_like_20200820_00_lead048.nc,2020-08-20T00:00:00Z,48,2020-08-21T00:00:00Z,2020-08-22T00:00:00Z,SA-05,Al-Qassim Region,daily_precip_total,mm,96,96,0.24458604,0.342536,0.39605211,0.44366503
handoff/mazu_like/mazu_like_20200820_00_lead048.nc,2020-08-20T00:00:00Z,48,2020-08-21T00:00:00Z,2020-08-22T00:00:00Z,SA-05,Al-Qassim Region,t2m_c,degC,96,96,36.053711,36.759622,37.680222,37.724182
handoff/mazu_like/mazu_like_20200820_00_lead048.nc,2020-08-20T00:00:00Z,48,2020-08-21T00:00:00Z,2020-08-22T00:00:00Z,SA-05,Al-Qassim Region,tmax_c,degC,96,96,42.398163,43.57315,44.17215,44.368103
handoff/mazu_like/mazu_like_20200820_00_lead048.nc,2020-08-20T00:00:00Z,48,2020-08-21T00:00:00Z,2020-08-22T00:00:00Z,SA-05,Al-Qassim Region,tmin_c,degC,96,96,29.276306,31.151211,33.153625,33.412445
handoff/mazu_like/mazu_like_20200820_00_lead048.nc,2020-08-20T00:00:00Z,48,2020-08-21T00:00:00Z,2020-08-22T00:00:00Z,SA-05,Al-Qassim Region,wind10_speed,m s-1,96,96,1.7824827,2.6390504,3.6904683,3.8250713
handoff/mazu_like/mazu_like_20200820_00_lead048.nc,2020-08-20T00:00:00Z,48,2020-08-21T00:00:00Z,2020-08-22T00:00:00Z,SA-05,Al-Qassim Region,pwat,kg m-2,96,96,18.752911,19.908982,21.983444,22.484863
handoff/mazu_like/mazu_like_20200820_00_lead048.nc,2020-08-20T00:00:00Z,48,2020-08-21T00:00:00Z,2020-08-22T00:00:00Z,SA-05,Al-Qassim Region,ivt,kg m-1 s-1,96,96,38.910465,60.845576,85.524492,88.883691
handoff/mazu_like/mazu_like_20200820_00_lead048.nc,2020-08-20T00:00:00Z,48,2020-08-21T00:00:00Z,2020-08-22T00:00:00Z,SA-05,Al-Qassim Region,wind850_speed,m s-1,96,96,2.6293015,5.0159752,7.7461901,8.4633408
handoff/mazu_like/mazu_like_20200820_00_lead048.nc,2020-08-20T00:00:00Z,48,2020-08-21T00:00:00Z,2020-08-22T00:00:00Z,SA-05,Al-Qassim Region,wind_shear_850_200,m s-1,96,96,3.0994518,8.8766239,15.918638,17.617966
handoff/mazu_like/mazu_like_20200820_00_lead048.nc,2020-08-20T00:00:00Z,48,2020-08-21T00:00:00Z,2020-08-22T00:00:00Z,SA-05,Al-Qassim Region,omega500,Pa s-1,96,96,-0.042891517,-0.011665552,0.021389611,0.044116057
handoff/mazu_like/mazu_like_20200820_00_lead048.nc,2020-08-20T00:00:00Z,48,2020-08-21T00:00:00Z,2020-08-22T00:00:00Z,SA-05,Al-Qassim Region,geopotential_height500,gpm,96,96,5909.6592,5911.3472,5912.7384,5913.0752
handoff/mazu_like/mazu_like_20200820_00_lead048.nc,2020-08-20T00:00:00Z,48,2020-08-21T00:00:00Z,2020-08-22T00:00:00Z,SA-06,Hayel Region,daily_precip_total,mm,163,163,0.27660108,0.35208957,0.42134227,0.4520458
handoff/mazu_like/mazu_like_20200820_00_lead048.nc,2020-08-20T00:00:00Z,48,2020-08-21T00:00:00Z,2020-08-22T00:00:00Z,SA-06,Hayel Region,t2m_c,degC,163,163,31.037689,34.459354,36.485818,36.811798
handoff/mazu_like/mazu_like_20200820_00_lead048.nc,2020-08-20T00:00:00Z,48,2020-08-21T00:00:00Z,2020-08-22T00:00:00Z,SA-06,Hayel Region,tmax_c,degC,163,163,38.055756,41.77541,43.900372,44.196747
handoff/mazu_like/mazu_like_20200820_00_lead048.nc,2020-08-20T00:00:00Z,48,2020-08-21T00:00:00Z,2020-08-22T00:00:00Z,SA-06,Hayel Region,tmin_c,degC,163,163,24.816833,27.948315,30.461823,31.01825
handoff/mazu_like/mazu_like_20200820_00_lead048.nc,2020-08-20T00:00:00Z,48,2020-08-21T00:00:00Z,2020-08-22T00:00:00Z,SA-06,Hayel Region,wind10_speed,m s-1,163,163,1.6401745,3.515629,4.7359035,5.2890511
handoff/mazu_like/mazu_like_20200820_00_lead048.nc,2020-08-20T00:00:00Z,48,2020-08-21T00:00:00Z,2020-08-22T00:00:00Z,SA-06,Hayel Region,pwat,kg m-2,163,163,18.845846,19.955328,22.047306,23.818487
handoff/mazu_like/mazu_like_20200820_00_lead048.nc,2020-08-20T00:00:00Z,48,2020-08-21T00:00:00Z,2020-08-22T00:00:00Z,SA-06,Hayel Region,ivt,kg m-1 s-1,163,163,39.742067,80.36931,102.14094,120.96194
handoff/mazu_like/mazu_like_20200820_00_lead048.nc,2020-08-20T00:00:00Z,48,2020-08-21T00:00:00Z,2020-08-22T00:00:00Z,SA-06,Hayel Region,wind850_speed,m s-1,163,163,2.0044847,5.7690582,7.7894765,8.2890844
handoff/mazu_like/mazu_like_20200820_00_lead048.nc,2020-08-20T00:00:00Z,48,2020-08-21T00:00:00Z,2020-08-22T00:00:00Z,SA-06,Hayel Region,wind_shear_850_200,m s-1,163,163,3.8851128,9.6848268,14.192257,15.332558
handoff/mazu_like/mazu_like_20200820_00_lead048.nc,2020-08-20T00:00:00Z,48,2020-08-21T00:00:00Z,2020-08-22T00:00:00Z,SA-06,Hayel Region,omega500,Pa s-1,163,163,-0.025371104,0.014128278,0.037553125,0.065821886
handoff/mazu_like/mazu_like_20200820_00_lead048.nc,2020-08-20T00:00:00Z,48,2020-08-21T00:00:00Z,2020-08-22T00:00:00Z,SA-06,Hayel Region,geopotential_height500,gpm,163,163,5909.7212,5911.9768,5913.4648,5914.6489
handoff/mazu_like/mazu_like_20200820_00_lead048.nc,2020-08-20T00:00:00Z,48,2020-08-21T00:00:00Z,2020-08-22T00:00:00Z,SA-07,Tabuk Region,daily_precip_total,mm,205,205,0,0.23669201,0.37313336,0.42661354
handoff/mazu_like/mazu_like_20200820_00_lead048.nc,2020-08-20T00:00:00Z,48,2020-08-21T00:00:00Z,2020-08-22T00:00:00Z,SA-07,Tabuk Region,t2m_c,degC,205,205,25.924835,30.935395,32.815021,34.291534
handoff/mazu_like/mazu_like_20200820_00_lead048.nc,2020-08-20T00:00:00Z,48,2020-08-21T00:00:00Z,2020-08-22T00:00:00Z,SA-07,Tabuk Region,tmax_c,degC,205,205,31.962952,37.25011,38.929443,39.876526
handoff/mazu_like/mazu_like_20200820_00_lead048.nc,2020-08-20T00:00:00Z,48,2020-08-21T00:00:00Z,2020-08-22T00:00:00Z,SA-07,Tabuk Region,tmin_c,degC,205,205,19.473541,25.369706,28.92088,30.42514
handoff/mazu_like/mazu_like_20200820_00_lead048.nc,2020-08-20T00:00:00Z,48,2020-08-21T00:00:00Z,2020-08-22T00:00:00Z,SA-07,Tabuk Region,wind10_speed,m s-1,205,205,1.7701707,3.1361943,4.5765481,6.9169807
handoff/mazu_like/mazu_like_20200820_00_lead048.nc,2020-08-20T00:00:00Z,48,2020-08-21T00:00:00Z,2020-08-22T00:00:00Z,SA-07,Tabuk Region,pwat,kg m-2,205,205,15.740353,21.416115,24.179179,26.940852
handoff/mazu_like/mazu_like_20200820_00_lead048.nc,2020-08-20T00:00:00Z,48,2020-08-21T00:00:00Z,2020-08-22T00:00:00Z,SA-07,Tabuk Region,ivt,kg m-1 s-1,205,205,35.648003,65.655101,107.6542,145.19899
handoff/mazu_like/mazu_like_20200820_00_lead048.nc,2020-08-20T00:00:00Z,48,2020-08-21T00:00:00Z,2020-08-22T00:00:00Z,SA-07,Tabuk Region,wind850_speed,m s-1,205,205,2.3781202,4.5203231,6.5882055,8.2491541
handoff/mazu_like/mazu_like_20200820_00_lead048.nc,2020-08-20T00:00:00Z,48,2020-08-21T00:00:00Z,2020-08-22T00:00:00Z,SA-07,Tabuk Region,wind_shear_850_200,m s-1,205,205,5.4385257,9.5223188,13.917124,17.035561
handoff/mazu_like/mazu_like_20200820_00_lead048.nc,2020-08-20T00:00:00Z,48,2020-08-21T00:00:00Z,2020-08-22T00:00:00Z,SA-07,Tabuk Region,omega500,Pa s-1,205,205,-0.074939676,0.0084541844,0.043649901,0.061074868
handoff/mazu_like/mazu_like_20200820_00_lead048.nc,2020-08-20T00:00:00Z,48,2020-08-21T00:00:00Z,2020-08-22T00:00:00Z,SA-07,Tabuk Region,geopotential_height500,gpm,205,205,5904.4014,5911.5534,5914.3543,5915.9375
handoff/mazu_like/mazu_like_20200820_00_lead048.nc,2020-08-20T00:00:00Z,48,2020-08-21T00:00:00Z,2020-08-22T00:00:00Z,SA-08,Northern Borders Region,daily_precip_total,mm,169,169,0.21889281,0.32295578,0.38218251,0.41997278
handoff/mazu_like/mazu_like_20200820_00_lead048.nc,2020-08-20T00:00:00Z,48,2020-08-21T00:00:00Z,2020-08-22T00:00:00Z,SA-08,Northern Borders Region,t2m_c,degC,169,169,27.795258,33.913258,36.241876,36.544922
handoff/mazu_like/mazu_like_20200820_00_lead048.nc,2020-08-20T00:00:00Z,48,2020-08-21T00:00:00Z,2020-08-22T00:00:00Z,SA-08,Northern Borders Region,tmax_c,degC,169,169,35.785492,41.647452,43.899622,44.070343
handoff/mazu_like/mazu_like_20200820_00_lead048.nc,2020-08-20T00:00:00Z,48,2020-08-21T00:00:00Z,2020-08-22T00:00:00Z,SA-08,Northern Borders Region,tmin_c,degC,169,169,21.517242,27.009689,29.344135,29.561096
handoff/mazu_like/mazu_like_20200820_00_lead048.nc,2020-08-20T00:00:00Z,48,2020-08-21T00:00:00Z,2020-08-22T00:00:00Z,SA-08,Northern Borders Region,wind10_speed,m s-1,169,169,1.787073,3.4687174,5.3220984,6.1042538
handoff/mazu_like/mazu_like_20200820_00_lead048.nc,2020-08-20T00:00:00Z,48,2020-08-21T00:00:00Z,2020-08-22T00:00:00Z,SA-08,Northern Borders Region,pwat,kg m-2,169,169,13.982381,18.83977,20.496528,20.586543
handoff/mazu_like/mazu_like_20200820_00_lead048.nc,2020-08-20T00:00:00Z,48,2020-08-21T00:00:00Z,2020-08-22T00:00:00Z,SA-08,Northern Borders Region,ivt,kg m-1 s-1,169,169,56.984132,98.170184,129.22573,136.79509
handoff/mazu_like/mazu_like_20200820_00_lead048.nc,2020-08-20T00:00:00Z,48,2020-08-21T00:00:00Z,2020-08-22T00:00:00Z,SA-08,Northern Borders Region,wind850_speed,m s-1,169,169,2.157124,4.5639586,8.3189676,9.4986496
handoff/mazu_like/mazu_like_20200820_00_lead048.nc,2020-08-20T00:00:00Z,48,2020-08-21T00:00:00Z,2020-08-22T00:00:00Z,SA-08,Northern Borders Region,wind_shear_850_200,m s-1,169,169,4.9065299,9.0448857,12.714658,14.268356
handoff/mazu_like/mazu_like_20200820_00_lead048.nc,2020-08-20T00:00:00Z,48,2020-08-21T00:00:00Z,2020-08-22T00:00:00Z,SA-08,Northern Borders Region,omega500,Pa s-1,169,169,-0.037067659,0.010424778,0.045743981,0.065031283
handoff/mazu_like/mazu_like_20200820_00_lead048.nc,2020-08-20T00:00:00Z,48,2020-08-21T00:00:00Z,2020-08-22T00:00:00Z,SA-08,Northern Borders Region,geopotential_height500,gpm,169,169,5881.1958,5900.6508,5909.7987,5910.4375
handoff/mazu_like/mazu_like_20200820_00_lead048.nc,2020-08-20T00:00:00Z,48,2020-08-21T00:00:00Z,2020-08-22T00:00:00Z,SA-09,Jazan Region,daily_precip_total,mm,22,22,0.20810513,1.0543156,2.3752284,5.5010252
handoff/mazu_like/mazu_like_20200820_00_lead048.nc,2020-08-20T00:00:00Z,48,2020-08-21T00:00:00Z,2020-08-22T00:00:00Z,SA-09,Jazan Region,t2m_c,degC,22,22,25.582458,33.325068,35.949838,36.059723
handoff/mazu_like/mazu_like_20200820_00_lead048.nc,2020-08-20T00:00:00Z,48,2020-08-21T00:00:00Z,2020-08-22T00:00:00Z,SA-09,Jazan Region,tmax_c,degC,22,22,29.264191,36.479857,39.430624,39.656494
handoff/mazu_like/mazu_like_20200820_00_lead048.nc,2020-08-20T00:00:00Z,48,2020-08-21T00:00:00Z,2020-08-22T00:00:00Z,SA-09,Jazan Region,tmin_c,degC,22,22,21.600098,30.800055,33.275307,33.59082
handoff/mazu_like/mazu_like_20200820_00_lead048.nc,2020-08-20T00:00:00Z,48,2020-08-21T00:00:00Z,2020-08-22T00:00:00Z,SA-09,Jazan Region,wind10_speed,m s-1,22,22,1.3022138,2.074968,2.8368001,3.1558473
handoff/mazu_like/mazu_like_20200820_00_lead048.nc,2020-08-20T00:00:00Z,48,2020-08-21T00:00:00Z,2020-08-22T00:00:00Z,SA-09,Jazan Region,pwat,kg m-2,22,22,45.693494,53.454153,55.801779,56.571405
handoff/mazu_like/mazu_like_20200820_00_lead048.nc,2020-08-20T00:00:00Z,48,2020-08-21T00:00:00Z,2020-08-22T00:00:00Z,SA-09,Jazan Region,ivt,kg m-1 s-1,22,22,117.19709,153.7242,206.10852,223.32963
handoff/mazu_like/mazu_like_20200820_00_lead048.nc,2020-08-20T00:00:00Z,48,2020-08-21T00:00:00Z,2020-08-22T00:00:00Z,SA-09,Jazan Region,wind850_speed,m s-1,22,22,1.1963127,2.9264369,5.2815994,6.0944705
handoff/mazu_like/mazu_like_20200820_00_lead048.nc,2020-08-20T00:00:00Z,48,2020-08-21T00:00:00Z,2020-08-22T00:00:00Z,SA-09,Jazan Region,wind_shear_850_200,m s-1,22,22,21.219101,21.743847,22.22725,22.249111
handoff/mazu_like/mazu_like_20200820_00_lead048.nc,2020-08-20T00:00:00Z,48,2020-08-21T00:00:00Z,2020-08-22T00:00:00Z,SA-09,Jazan Region,omega500,Pa s-1,22,22,-0.11767901,-0.041086482,-0.0054648755,0.015359033
handoff/mazu_like/mazu_like_20200820_00_lead048.nc,2020-08-20T00:00:00Z,48,2020-08-21T00:00:00Z,2020-08-22T00:00:00Z,SA-09,Jazan Region,geopotential_height500,gpm,22,22,5894.9775,5899.5592,5902.826,5903.0723
handoff/mazu_like/mazu_like_20200820_00_lead048.nc,2020-08-20T00:00:00Z,48,2020-08-21T00:00:00Z,2020-08-22T00:00:00Z,SA-10,Najran Region,daily_precip_total,mm,123,123,0.29985836,0.406843,0.53264021,0.67220718
handoff/mazu_like/mazu_like_20200820_00_lead048.nc,2020-08-20T00:00:00Z,48,2020-08-21T00:00:00Z,2020-08-22T00:00:00Z,SA-10,Najran Region,t2m_c,degC,123,123,28.14328,34.066123,36.133701,36.465302
handoff/mazu_like/mazu_like_20200820_00_lead048.nc,2020-08-20T00:00:00Z,48,2020-08-21T00:00:00Z,2020-08-22T00:00:00Z,SA-10,Najran Region,tmax_c,degC,123,123,33.335022,40.140383,42.240213,42.641418
handoff/mazu_like/mazu_like_20200820_00_lead048.nc,2020-08-20T00:00:00Z,48,2020-08-21T00:00:00Z,2020-08-22T00:00:00Z,SA-10,Najran Region,tmin_c,degC,123,123,22.95575,28.470039,30.914581,31.428253
handoff/mazu_like/mazu_like_20200820_00_lead048.nc,2020-08-20T00:00:00Z,48,2020-08-21T00:00:00Z,2020-08-22T00:00:00Z,SA-10,Najran Region,wind10_speed,m s-1,123,123,1.7130551,2.4199908,2.9983702,3.2271576
handoff/mazu_like/mazu_like_20200820_00_lead048.nc,2020-08-20T00:00:00Z,48,2020-08-21T00:00:00Z,2020-08-22T00:00:00Z,SA-10,Najran Region,pwat,kg m-2,123,123,22.89283,24.251078,25.439017,25.550356
handoff/mazu_like/mazu_like_20200820_00_lead048.nc,2020-08-20T00:00:00Z,48,2020-08-21T00:00:00Z,2020-08-22T00:00:00Z,SA-10,Najran Region,ivt,kg m-1 s-1,123,123,85.229629,127.51327,140.37541,146.91776
handoff/mazu_like/mazu_like_20200820_00_lead048.nc,2020-08-20T00:00:00Z,48,2020-08-21T00:00:00Z,2020-08-22T00:00:00Z,SA-10,Najran Region,wind850_speed,m s-1,123,123,2.5465395,4.0389133,4.8859747,5.0109806
handoff/mazu_like/mazu_like_20200820_00_lead048.nc,2020-08-20T00:00:00Z,48,2020-08-21T00:00:00Z,2020-08-22T00:00:00Z,SA-10,Najran Region,wind_shear_850_200,m s-1,123,123,17.282442,18.631503,19.822897,20.654514
handoff/mazu_like/mazu_like_20200820_00_lead048.nc,2020-08-20T00:00:00Z,48,2020-08-21T00:00:00Z,2020-08-22T00:00:00Z,SA-10,Najran Region,omega500,Pa s-1,123,123,-0.077379346,-0.038309258,-0.013699138,-0.0065028393
handoff/mazu_like/mazu_like_20200820_00_lead048.nc,2020-08-20T00:00:00Z,48,2020-08-21T00:00:00Z,2020-08-22T00:00:00Z,SA-10,Najran Region,geopotential_height500,gpm,123,123,5893.7612,5898.66,5901.9942,5903.585
handoff/mazu_like/mazu_like_20200820_00_lead048.nc,2020-08-20T00:00:00Z,48,2020-08-21T00:00:00Z,2020-08-22T00:00:00Z,SA-11,Al Bahah Region,daily_precip_total,mm,12,12,0.36214852,1.6114429,4.7540309,5.0421429
handoff/mazu_like/mazu_like_20200820_00_lead048.nc,2020-08-20T00:00:00Z,48,2020-08-21T00:00:00Z,2020-08-22T00:00:00Z,SA-11,Al Bahah Region,t2m_c,degC,12,12,28.704315,32.03865,35.284624,35.481995
handoff/mazu_like/mazu_like_20200820_00_lead048.nc,2020-08-20T00:00:00Z,48,2020-08-21T00:00:00Z,2020-08-22T00:00:00Z,SA-11,Al Bahah Region,tmax_c,degC,12,12,32.569489,36.570556,39.543045,39.688568
handoff/mazu_like/mazu_like_20200820_00_lead048.nc,2020-08-20T00:00:00Z,48,2020-08-21T00:00:00Z,2020-08-22T00:00:00Z,SA-11,Al Bahah Region,tmin_c,degC,12,12,25.185669,28.276751,32.125096,32.421967
handoff/mazu_like/mazu_like_20200820_00_lead048.nc,2020-08-20T00:00:00Z,48,2020-08-21T00:00:00Z,2020-08-22T00:00:00Z,SA-11,Al Bahah Region,wind10_speed,m s-1,12,12,1.2377863,2.0819394,2.9959112,3.2242129
handoff/mazu_like/mazu_like_20200820_00_lead048.nc,2020-08-20T00:00:00Z,48,2020-08-21T00:00:00Z,2020-08-22T00:00:00Z,SA-11,Al Bahah Region,pwat,kg m-2,12,12,27.628879,42.077775,52.030847,52.5747
handoff/mazu_like/mazu_like_20200820_00_lead048.nc,2020-08-20T00:00:00Z,48,2020-08-21T00:00:00Z,2020-08-22T00:00:00Z,SA-11,Al Bahah Region,ivt,kg m-1 s-1,12,12,82.082944,101.01327,127.28643,128.61976
handoff/mazu_like/mazu_like_20200820_00_lead048.nc,2020-08-20T00:00:00Z,48,2020-08-21T00:00:00Z,2020-08-22T00:00:00Z,SA-11,Al Bahah Region,wind850_speed,m s-1,12,12,1.3413622,3.0185282,4.5766696,4.8731852
handoff/mazu_like/mazu_like_20200820_00_lead048.nc,2020-08-20T00:00:00Z,48,2020-08-21T00:00:00Z,2020-08-22T00:00:00Z,SA-11,Al Bahah Region,wind_shear_850_200,m s-1,12,12,18.465801,19.537083,20.893025,20.911613
handoff/mazu_like/mazu_like_20200820_00_lead048.nc,2020-08-20T00:00:00Z,48,2020-08-21T00:00:00Z,2020-08-22T00:00:00Z,SA-11,Al Bahah Region,omega500,Pa s-1,12,12,-0.15874039,-0.070858888,0.021360895,0.024129154
handoff/mazu_like/mazu_like_20200820_00_lead048.nc,2020-08-20T00:00:00Z,48,2020-08-21T00:00:00Z,2020-08-22T00:00:00Z,SA-11,Al Bahah Region,geopotential_height500,gpm,12,12,5908.4521,5909.7038,5912.2302,5912.7778
handoff/mazu_like/mazu_like_20200820_00_lead048.nc,2020-08-20T00:00:00Z,48,2020-08-21T00:00:00Z,2020-08-22T00:00:00Z,SA-12,Al Jawf Region,daily_precip_total,mm,122,122,0.20102938,0.30754547,0.36590822,0.39068365
handoff/mazu_like/mazu_like_20200820_00_lead048.nc,2020-08-20T00:00:00Z,48,2020-08-21T00:00:00Z,2020-08-22T00:00:00Z,SA-12,Al Jawf Region,t2m_c,degC,122,122,27.678009,32.155264,34.731717,35.126862
handoff/mazu_like/mazu_like_20200820_00_lead048.nc,2020-08-20T00:00:00Z,48,2020-08-21T00:00:00Z,2020-08-22T00:00:00Z,SA-12,Al Jawf Region,tmax_c,degC,122,122,35.637634,39.683368,42.220905,42.539673
handoff/mazu_like/mazu_like_20200820_00_lead048.nc,2020-08-20T00:00:00Z,48,2020-08-21T00:00:00Z,2020-08-22T00:00:00Z,SA-12,Al Jawf Region,tmin_c,degC,122,122,21.654755,25.762844,28.565314,29.358429
handoff/mazu_like/mazu_like_20200820_00_lead048.nc,2020-08-20T00:00:00Z,48,2020-08-21T00:00:00Z,2020-08-22T00:00:00Z,SA-12,Al Jawf Region,wind10_speed,m s-1,122,122,2.6191177,4.3607848,5.8049893,6.1204834
handoff/mazu_like/mazu_like_20200820_00_lead048.nc,2020-08-20T00:00:00Z,48,2020-08-21T00:00:00Z,2020-08-22T00:00:00Z,SA-12,Al Jawf Region,pwat,kg m-2,122,122,16.625859,20.261755,22.659175,23.243228
handoff/mazu_like/mazu_like_20200820_00_lead048.nc,2020-08-20T00:00:00Z,48,2020-08-21T00:00:00Z,2020-08-22T00:00:00Z,SA-12,Al Jawf Region,ivt,kg m-1 s-1,122,122,66.14143,104.14967,144.10875,154.02435
handoff/mazu_like/mazu_like_20200820_00_lead048.nc,2020-08-20T00:00:00Z,48,2020-08-21T00:00:00Z,2020-08-22T00:00:00Z,SA-12,Al Jawf Region,wind850_speed,m s-1,122,122,3.2950594,5.4332793,8.4490381,9.7904129
handoff/mazu_like/mazu_like_20200820_00_lead048.nc,2020-08-20T00:00:00Z,48,2020-08-21T00:00:00Z,2020-08-22T00:00:00Z,SA-12,Al Jawf Region,wind_shear_850_200,m s-1,122,122,7.8080635,10.207269,12.246376,13.090374
handoff/mazu_like/mazu_like_20200820_00_lead048.nc,2020-08-20T00:00:00Z,48,2020-08-21T00:00:00Z,2020-08-22T00:00:00Z,SA-12,Al Jawf Region,omega500,Pa s-1,122,122,-0.075832672,0.0070268075,0.037725995,0.051836193
handoff/mazu_like/mazu_like_20200820_00_lead048.nc,2020-08-20T00:00:00Z,48,2020-08-21T00:00:00Z,2020-08-22T00:00:00Z,SA-12,Al Jawf Region,geopotential_height500,gpm,122,122,5886.6694,5902.8958,5909.3443,5910.7812
handoff/mazu_like/mazu_like_20200820_00_lead048.nc,2020-08-20T00:00:00Z,48,2020-08-21T00:00:00Z,2020-08-22T00:00:00Z,SA-14,'Asir Region,daily_precip_total,mm,104,104,0.10498427,0.80099005,2.3949055,5.9835706
handoff/mazu_like/mazu_like_20200820_00_lead048.nc,2020-08-20T00:00:00Z,48,2020-08-21T00:00:00Z,2020-08-22T00:00:00Z,SA-14,'Asir Region,t2m_c,degC,104,104,25.878784,31.789052,35.083694,35.553009
handoff/mazu_like/mazu_like_20200820_00_lead048.nc,2020-08-20T00:00:00Z,48,2020-08-21T00:00:00Z,2020-08-22T00:00:00Z,SA-14,'Asir Region,tmax_c,degC,104,104,29.95166,37.37244,41.549548,42.13681
handoff/mazu_like/mazu_like_20200820_00_lead048.nc,2020-08-20T00:00:00Z,48,2020-08-21T00:00:00Z,2020-08-22T00:00:00Z,SA-14,'Asir Region,tmin_c,degC,104,104,21.318054,26.804313,29.433591,32.234741
handoff/mazu_like/mazu_like_20200820_00_lead048.nc,2020-08-20T00:00:00Z,48,2020-08-21T00:00:00Z,2020-08-22T00:00:00Z,SA-14,'Asir Region,wind10_speed,m s-1,104,104,0.87321842,2.7352171,3.7903829,4.1829453
handoff/mazu_like/mazu_like_20200820_00_lead048.nc,2020-08-20T00:00:00Z,48,2020-08-21T00:00:00Z,2020-08-22T00:00:00Z,SA-14,'Asir Region,pwat,kg m-2,104,104,21.894408,29.145169,51.83726,55.851978
handoff/mazu_like/mazu_like_20200820_00_lead048.nc,2020-08-20T00:00:00Z,48,2020-08-21T00:00:00Z,2020-08-22T00:00:00Z,SA-14,'Asir Region,ivt,kg m-1 s-1,104,104,77.320207,121.27886,154.36219,169.02056
handoff/mazu_like/mazu_like_20200820_00_lead048.nc,2020-08-20T00:00:00Z,48,2020-08-21T00:00:00Z,2020-08-22T00:00:00Z,SA-14,'Asir Region,wind850_speed,m s-1,104,104,0.76962864,3.2606562,4.8297776,6.0803909
handoff/mazu_like/mazu_like_20200820_00_lead048.nc,2020-08-20T00:00:00Z,48,2020-08-21T00:00:00Z,2020-08-22T00:00:00Z,SA-14,'Asir Region,wind_shear_850_200,m s-1,104,104,17.031136,19.03859,21.165246,21.916611
handoff/mazu_like/mazu_like_20200820_00_lead048.nc,2020-08-20T00:00:00Z,48,2020-08-21T00:00:00Z,2020-08-22T00:00:00Z,SA-14,'Asir Region,omega500,Pa s-1,104,104,-0.13569975,-0.049821993,0.017300501,0.053366557
handoff/mazu_like/mazu_like_20200820_00_lead048.nc,2020-08-20T00:00:00Z,48,2020-08-21T00:00:00Z,2020-08-22T00:00:00Z,SA-14,'Asir Region,geopotential_height500,gpm,104,104,5899.2041,5904.8223,5908.8659,5910.4893
handoff/mazu_like/mazu_like_20200820_00_lead072.nc,2020-08-20T00:00:00Z,72,2020-08-22T00:00:00Z,2020-08-23T00:00:00Z,SA-01,Riyadh Region,daily_precip_total,mm,531,531,0.15345633,0.35149308,0.46656705,0.53703493
handoff/mazu_like/mazu_like_20200820_00_lead072.nc,2020-08-20T00:00:00Z,72,2020-08-22T00:00:00Z,2020-08-23T00:00:00Z,SA-01,Riyadh Region,t2m_c,degC,531,531,35.170563,36.950686,37.79248,38.18927
handoff/mazu_like/mazu_like_20200820_00_lead072.nc,2020-08-20T00:00:00Z,72,2020-08-22T00:00:00Z,2020-08-23T00:00:00Z,SA-01,Riyadh Region,tmax_c,degC,531,531,41.164673,43.474674,44.866516,45.665558
handoff/mazu_like/mazu_like_20200820_00_lead072.nc,2020-08-20T00:00:00Z,72,2020-08-22T00:00:00Z,2020-08-23T00:00:00Z,SA-01,Riyadh Region,tmin_c,degC,531,531,28.698914,31.23496,32.42157,32.887939
handoff/mazu_like/mazu_like_20200820_00_lead072.nc,2020-08-20T00:00:00Z,72,2020-08-22T00:00:00Z,2020-08-23T00:00:00Z,SA-01,Riyadh Region,wind10_speed,m s-1,531,531,1.6032708,2.961342,4.1701608,4.9807854
handoff/mazu_like/mazu_like_20200820_00_lead072.nc,2020-08-20T00:00:00Z,72,2020-08-22T00:00:00Z,2020-08-23T00:00:00Z,SA-01,Riyadh Region,pwat,kg m-2,531,531,19.953387,23.298929,25.637428,27.200141
handoff/mazu_like/mazu_like_20200820_00_lead072.nc,2020-08-20T00:00:00Z,72,2020-08-22T00:00:00Z,2020-08-23T00:00:00Z,SA-01,Riyadh Region,ivt,kg m-1 s-1,531,531,23.328556,70.303402,104.04249,126.98177
handoff/mazu_like/mazu_like_20200820_00_lead072.nc,2020-08-20T00:00:00Z,72,2020-08-22T00:00:00Z,2020-08-23T00:00:00Z,SA-01,Riyadh Region,wind850_speed,m s-1,531,531,2.4419599,5.6634302,8.2278519,10.017321
handoff/mazu_like/mazu_like_20200820_00_lead072.nc,2020-08-20T00:00:00Z,72,2020-08-22T00:00:00Z,2020-08-23T00:00:00Z,SA-01,Riyadh Region,wind_shear_850_200,m s-1,531,531,2.9705873,12.294399,17.145671,19.536926
handoff/mazu_like/mazu_like_20200820_00_lead072.nc,2020-08-20T00:00:00Z,72,2020-08-22T00:00:00Z,2020-08-23T00:00:00Z,SA-01,Riyadh Region,omega500,Pa s-1,531,531,-0.056255549,0.00051422354,0.052132938,0.086137936
handoff/mazu_like/mazu_like_20200820_00_lead072.nc,2020-08-20T00:00:00Z,72,2020-08-22T00:00:00Z,2020-08-23T00:00:00Z,SA-01,Riyadh Region,geopotential_height500,gpm,531,531,5892.0156,5897.7782,5899.666,5900.7192
handoff/mazu_like/mazu_like_20200820_00_lead072.nc,2020-08-20T00:00:00Z,72,2020-08-22T00:00:00Z,2020-08-23T00:00:00Z,SA-02,Makkah Region,daily_precip_total,mm,191,191,0,0.39614493,0.80142379,2.5862651
handoff/mazu_like/mazu_like_20200820_00_lead072.nc,2020-08-20T00:00:00Z,72,2020-08-22T00:00:00Z,2020-08-23T00:00:00Z,SA-02,Makkah Region,t2m_c,degC,191,191,28.788971,34.577051,36.608704,36.912323
handoff/mazu_like/mazu_like_20200820_00_lead072.nc,2020-08-20T00:00:00Z,72,2020-08-22T00:00:00Z,2020-08-23T00:00:00Z,SA-02,Makkah Region,tmax_c,degC,191,191,32.445221,40.100292,42.686142,43.098724
handoff/mazu_like/mazu_like_20200820_00_lead072.nc,2020-08-20T00:00:00Z,72,2020-08-22T00:00:00Z,2020-08-23T00:00:00Z,SA-02,Makkah Region,tmin_c,degC,191,191,25.239777,30.109637,32.540329,33.187317
handoff/mazu_like/mazu_like_20200820_00_lead072.nc,2020-08-20T00:00:00Z,72,2020-08-22T00:00:00Z,2020-08-23T00:00:00Z,SA-02,Makkah Region,wind10_speed,m s-1,191,191,0.94237608,3.6562779,5.1631172,5.7969213
handoff/mazu_like/mazu_like_20200820_00_lead072.nc,2020-08-20T00:00:00Z,72,2020-08-22T00:00:00Z,2020-08-23T00:00:00Z,SA-02,Makkah Region,pwat,kg m-2,191,191,25.999822,32.170097,47.509724,52.771518
handoff/mazu_like/mazu_like_20200820_00_lead072.nc,2020-08-20T00:00:00Z,72,2020-08-22T00:00:00Z,2020-08-23T00:00:00Z,SA-02,Makkah Region,ivt,kg m-1 s-1,191,191,31.746999,92.282523,128.61665,168.02277
handoff/mazu_like/mazu_like_20200820_00_lead072.nc,2020-08-20T00:00:00Z,72,2020-08-22T00:00:00Z,2020-08-23T00:00:00Z,SA-02,Makkah Region,wind850_speed,m s-1,191,191,1.3230987,6.7148555,9.0692358,10.114494
handoff/mazu_like/mazu_like_20200820_00_lead072.nc,2020-08-20T00:00:00Z,72,2020-08-22T00:00:00Z,2020-08-23T00:00:00Z,SA-02,Makkah Region,wind_shear_850_200,m s-1,191,191,14.949497,18.929807,21.204622,22.749012
handoff/mazu_like/mazu_like_20200820_00_lead072.nc,2020-08-20T00:00:00Z,72,2020-08-22T00:00:00Z,2020-08-23T00:00:00Z,SA-02,Makkah Region,omega500,Pa s-1,191,191,-0.21237616,-0.010370355,0.073901493,0.11104448
handoff/mazu_like/mazu_like_20200820_00_lead072.nc,2020-08-20T00:00:00Z,72,2020-08-22T00:00:00Z,2020-08-23T00:00:00Z,SA-02,Makkah Region,geopotential_height500,gpm,191,191,5893.5308,5898.4377,5900.2581,5901.5962
handoff/mazu_like/mazu_like_20200820_00_lead072.nc,2020-08-20T00:00:00Z,72,2020-08-22T00:00:00Z,2020-08-23T00:00:00Z,SA-03,Al Madinah Region,daily_precip_total,mm,207,207,0,0.253472,0.38417042,0.43174642
handoff/mazu_like/mazu_like_20200820_00_lead072.nc,2020-08-20T00:00:00Z,72,2020-08-22T00:00:00Z,2020-08-23T00:00:00Z,SA-03,Al Madinah Region,t2m_c,degC,207,207,27.94281,33.240293,36.04812,37.227051
handoff/mazu_like/mazu_like_20200820_00_lead072.nc,2020-08-20T00:00:00Z,72,2020-08-22T00:00:00Z,2020-08-23T00:00:00Z,SA-03,Al Madinah Region,tmax_c,degC,207,207,33.578766,39.618796,42.648813,43.209503
handoff/mazu_like/mazu_like_20200820_00_lead072.nc,2020-08-20T00:00:00Z,72,2020-08-22T00:00:00Z,2020-08-23T00:00:00Z,SA-03,Al Madinah Region,tmin_c,degC,207,207,23.328522,27.817718,30.368695,31.611481
handoff/mazu_like/mazu_like_20200820_00_lead072.nc,2020-08-20T00:00:00Z,72,2020-08-22T00:00:00Z,2020-08-23T00:00:00Z,SA-03,Al Madinah Region,wind10_speed,m s-1,207,207,1.7377299,3.6546497,5.3226261,5.4513407
handoff/mazu_like/mazu_like_20200820_00_lead072.nc,2020-08-20T00:00:00Z,72,2020-08-22T00:00:00Z,2020-08-23T00:00:00Z,SA-03,Al Madinah Region,pwat,kg m-2,207,207,20.642005,24.853532,28.057851,29.807589
handoff/mazu_like/mazu_like_20200820_00_lead072.nc,2020-08-20T00:00:00Z,72,2020-08-22T00:00:00Z,2020-08-23T00:00:00Z,SA-03,Al Madinah Region,ivt,kg m-1 s-1,207,207,42.498222,106.59404,134.52499,144.10007
handoff/mazu_like/mazu_like_20200820_00_lead072.nc,2020-08-20T00:00:00Z,72,2020-08-22T00:00:00Z,2020-08-23T00:00:00Z,SA-03,Al Madinah Region,wind850_speed,m s-1,207,207,2.5491133,6.0772773,8.9243756,10.307905
handoff/mazu_like/mazu_like_20200820_00_lead072.nc,2020-08-20T00:00:00Z,72,2020-08-22T00:00:00Z,2020-08-23T00:00:00Z,SA-03,Al Madinah Region,wind_shear_850_200,m s-1,207,207,6.0976419,12.445922,18.994232,19.818075
handoff/mazu_like/mazu_like_20200820_00_lead072.nc,2020-08-20T00:00:00Z,72,2020-08-22T00:00:00Z,2020-08-23T00:00:00Z,SA-03,Al Madinah Region,omega500,Pa s-1,207,207,-0.035163797,0.0097646521,0.042611912,0.062348582
handoff/mazu_like/mazu_like_20200820_00_lead072.nc,2020-08-20T00:00:00Z,72,2020-08-22T00:00:00Z,2020-08-23T00:00:00Z,SA-03,Al Madinah Region,geopotential_height500,gpm,207,207,5891.3301,5895.1146,5896.9263,5898.061
handoff/mazu_like/mazu_like_20200820_00_lead072.nc,2020-08-20T00:00:00Z,72,2020-08-22T00:00:00Z,2020-08-23T00:00:00Z,SA-04,Eastern Region,daily_precip_total,mm,798,798,0,0.29441723,0.44458398,0.5281685
handoff/mazu_like/mazu_like_20200820_00_lead072.nc,2020-08-20T00:00:00Z,72,2020-08-22T00:00:00Z,2020-08-23T00:00:00Z,SA-04,Eastern Region,t2m_c,degC,798,798,34.51236,37.292576,38.701619,39.162659
handoff/mazu_like/mazu_like_20200820_00_lead072.nc,2020-08-20T00:00:00Z,72,2020-08-22T00:00:00Z,2020-08-23T00:00:00Z,SA-04,Eastern Region,tmax_c,degC,798,798,36.423279,44.19177,45.264883,45.801971
handoff/mazu_like/mazu_like_20200820_00_lead072.nc,2020-08-20T00:00:00Z,72,2020-08-22T00:00:00Z,2020-08-23T00:00:00Z,SA-04,Eastern Region,tmin_c,degC,798,798,28.440857,30.771832,33.281555,33.973236
handoff/mazu_like/mazu_like_20200820_00_lead072.nc,2020-08-20T00:00:00Z,72,2020-08-22T00:00:00Z,2020-08-23T00:00:00Z,SA-04,Eastern Region,wind10_speed,m s-1,798,798,1.6296813,3.0228982,4.0963388,6.1507382
handoff/mazu_like/mazu_like_20200820_00_lead072.nc,2020-08-20T00:00:00Z,72,2020-08-22T00:00:00Z,2020-08-23T00:00:00Z,SA-04,Eastern Region,pwat,kg m-2,798,798,19.731903,27.592517,41.836466,44.335335
handoff/mazu_like/mazu_like_20200820_00_lead072.nc,2020-08-20T00:00:00Z,72,2020-08-22T00:00:00Z,2020-08-23T00:00:00Z,SA-04,Eastern Region,ivt,kg m-1 s-1,798,798,36.867686,102.16967,143.28024,174.12555
handoff/mazu_like/mazu_like_20200820_00_lead072.nc,2020-08-20T00:00:00Z,72,2020-08-22T00:00:00Z,2020-08-23T00:00:00Z,SA-04,Eastern Region,wind850_speed,m s-1,798,798,1.4191651,4.7207122,8.6086175,10.731049
handoff/mazu_like/mazu_like_20200820_00_lead072.nc,2020-08-20T00:00:00Z,72,2020-08-22T00:00:00Z,2020-08-23T00:00:00Z,SA-04,Eastern Region,wind_shear_850_200,m s-1,798,798,2.8521245,13.20818,18.114657,19.064781
handoff/mazu_like/mazu_like_20200820_00_lead072.nc,2020-08-20T00:00:00Z,72,2020-08-22T00:00:00Z,2020-08-23T00:00:00Z,SA-04,Eastern Region,omega500,Pa s-1,798,798,-0.051266897,0.0016436264,0.036904348,0.063476726
handoff/mazu_like/mazu_like_20200820_00_lead072.nc,2020-08-20T00:00:00Z,72,2020-08-22T00:00:00Z,2020-08-23T00:00:00Z,SA-04,Eastern Region,geopotential_height500,gpm,798,798,5882.1147,5894.4949,5899.71,5900.7456
handoff/mazu_like/mazu_like_20200820_00_lead072.nc,2020-08-20T00:00:00Z,72,2020-08-22T00:00:00Z,2020-08-23T00:00:00Z,SA-05,Al-Qassim Region,daily_precip_total,mm,96,96,0.26569739,0.40119863,0.47826095,0.5010978
handoff/mazu_like/mazu_like_20200820_00_lead072.nc,2020-08-20T00:00:00Z,72,2020-08-22T00:00:00Z,2020-08-23T00:00:00Z,SA-05,Al-Qassim Region,t2m_c,degC,96,96,36.063904,37.093856,37.702118,37.927032
handoff/mazu_like/mazu_like_20200820_00_lead072.nc,2020-08-20T00:00:00Z,72,2020-08-22T00:00:00Z,2020-08-23T00:00:00Z,SA-05,Al-Qassim Region,tmax_c,degC,96,96,42.286072,43.822845,44.802673,44.931396
handoff/mazu_like/mazu_like_20200820_00_lead072.nc,2020-08-20T00:00:00Z,72,2020-08-22T00:00:00Z,2020-08-23T00:00:00Z,SA-05,Al-Qassim Region,tmin_c,degC,96,96,29.804016,31.318105,32.429161,32.565308
handoff/mazu_like/mazu_like_20200820_00_lead072.nc,2020-08-20T00:00:00Z,72,2020-08-22T00:00:00Z,2020-08-23T00:00:00Z,SA-05,Al-Qassim Region,wind10_speed,m s-1,96,96,2.1182847,3.4480408,4.3646717,4.8978648
handoff/mazu_like/mazu_like_20200820_00_lead072.nc,2020-08-20T00:00:00Z,72,2020-08-22T00:00:00Z,2020-08-23T00:00:00Z,SA-05,Al-Qassim Region,pwat,kg m-2,96,96,20.008994,21.348232,23.057388,23.939048
handoff/mazu_like/mazu_like_20200820_00_lead072.nc,2020-08-20T00:00:00Z,72,2020-08-22T00:00:00Z,2020-08-23T00:00:00Z,SA-05,Al-Qassim Region,ivt,kg m-1 s-1,96,96,47.395353,69.766715,105.05061,113.14493
handoff/mazu_like/mazu_like_20200820_00_lead072.nc,2020-08-20T00:00:00Z,72,2020-08-22T00:00:00Z,2020-08-23T00:00:00Z,SA-05,Al-Qassim Region,wind850_speed,m s-1,96,96,3.4381824,5.7171416,8.3227448,8.4893665
handoff/mazu_like/mazu_like_20200820_00_lead072.nc,2020-08-20T00:00:00Z,72,2020-08-22T00:00:00Z,2020-08-23T00:00:00Z,SA-05,Al-Qassim Region,wind_shear_850_200,m s-1,96,96,8.0340042,10.555834,14.594229,16.189514
handoff/mazu_like/mazu_like_20200820_00_lead072.nc,2020-08-20T00:00:00Z,72,2020-08-22T00:00:00Z,2020-08-23T00:00:00Z,SA-05,Al-Qassim Region,omega500,Pa s-1,96,96,-0.029903473,0.0023007397,0.049086075,0.058189545
handoff/mazu_like/mazu_like_20200820_00_lead072.nc,2020-08-20T00:00:00Z,72,2020-08-22T00:00:00Z,2020-08-23T00:00:00Z,SA-05,Al-Qassim Region,geopotential_height500,gpm,96,96,5891.5117,5894.3007,5895.7291,5896.2041
handoff/mazu_like/mazu_like_20200820_00_lead072.nc,2020-08-20T00:00:00Z,72,2020-08-22T00:00:00Z,2020-08-23T00:00:00Z,SA-06,Hayel Region,daily_precip_total,mm,163,163,0.22489563,0.35541433,0.44438863,0.49415249
handoff/mazu_like/mazu_like_20200820_00_lead072.nc,2020-08-20T00:00:00Z,72,2020-08-22T00:00:00Z,2020-08-23T00:00:00Z,SA-06,Hayel Region,t2m_c,degC,163,163,29.018616,33.285954,36.007297,36.785553
handoff/mazu_like/mazu_like_20200820_00_lead072.nc,2020-08-20T00:00:00Z,72,2020-08-22T00:00:00Z,2020-08-23T00:00:00Z,SA-06,Hayel Region,tmax_c,degC,163,163,35.338562,39.987526,42.781189,43.244629
handoff/mazu_like/mazu_like_20200820_00_lead072.nc,2020-08-20T00:00:00Z,72,2020-08-22T00:00:00Z,2020-08-23T00:00:00Z,SA-06,Hayel Region,tmin_c,degC,163,163,24.058319,27.434733,30.223782,31.1315
handoff/mazu_like/mazu_like_20200820_00_lead072.nc,2020-08-20T00:00:00Z,72,2020-08-22T00:00:00Z,2020-08-23T00:00:00Z,SA-06,Hayel Region,wind10_speed,m s-1,163,163,2.1342654,3.6537358,4.3723422,4.7545748
handoff/mazu_like/mazu_like_20200820_00_lead072.nc,2020-08-20T00:00:00Z,72,2020-08-22T00:00:00Z,2020-08-23T00:00:00Z,SA-06,Hayel Region,pwat,kg m-2,163,163,19.524569,21.225849,22.883858,23.448457
handoff/mazu_like/mazu_like_20200820_00_lead072.nc,2020-08-20T00:00:00Z,72,2020-08-22T00:00:00Z,2020-08-23T00:00:00Z,SA-06,Hayel Region,ivt,kg m-1 s-1,163,163,38.061886,68.109755,97.790195,117.39061
handoff/mazu_like/mazu_like_20200820_00_lead072.nc,2020-08-20T00:00:00Z,72,2020-08-22T00:00:00Z,2020-08-23T00:00:00Z,SA-06,Hayel Region,wind850_speed,m s-1,163,163,3.7744746,5.1794124,6.5081363,7.1061182
handoff/mazu_like/mazu_like_20200820_00_lead072.nc,2020-08-20T00:00:00Z,72,2020-08-22T00:00:00Z,2020-08-23T00:00:00Z,SA-06,Hayel Region,wind_shear_850_200,m s-1,163,163,7.4570713,12.283614,14.837598,15.219799
handoff/mazu_like/mazu_like_20200820_00_lead072.nc,2020-08-20T00:00:00Z,72,2020-08-22T00:00:00Z,2020-08-23T00:00:00Z,SA-06,Hayel Region,omega500,Pa s-1,163,163,-0.038749442,-0.0082750033,0.033345659,0.055859752
handoff/mazu_like/mazu_like_20200820_00_lead072.nc,2020-08-20T00:00:00Z,72,2020-08-22T00:00:00Z,2020-08-23T00:00:00Z,SA-06,Hayel Region,geopotential_height500,gpm,163,163,5885.353,5891.3264,5894.9923,5896.5454
handoff/mazu_like/mazu_like_20200820_00_lead072.nc,2020-08-20T00:00:00Z,72,2020-08-22T00:00:00Z,2020-08-23T00:00:00Z,SA-07,Tabuk Region,daily_precip_total,mm,205,205,0,0.25060476,0.38421103,0.4864786
handoff/mazu_like/mazu_like_20200820_00_lead072.nc,2020-08-20T00:00:00Z,72,2020-08-22T00:00:00Z,2020-08-23T00:00:00Z,SA-07,Tabuk Region,t2m_c,degC,205,205,25.129883,29.471119,31.423138,33.265594
handoff/mazu_like/mazu_like_20200820_00_lead072.nc,2020-08-20T00:00:00Z,72,2020-08-22T00:00:00Z,2020-08-23T00:00:00Z,SA-07,Tabuk Region,tmax_c,degC,205,205,30.923889,35.204778,37.134955,38.612762
handoff/mazu_like/mazu_like_20200820_00_lead072.nc,2020-08-20T00:00:00Z,72,2020-08-22T00:00:00Z,2020-08-23T00:00:00Z,SA-07,Tabuk Region,tmin_c,degC,205,205,19.901581,24.846314,28.211963,30.027924
handoff/mazu_like/mazu_like_20200820_00_lead072.nc,2020-08-20T00:00:00Z,72,2020-08-22T00:00:00Z,2020-08-23T00:00:00Z,SA-07,Tabuk Region,wind10_speed,m s-1,205,205,1.3304406,2.8355178,3.9538373,7.0071268
handoff/mazu_like/mazu_like_20200820_00_lead072.nc,2020-08-20T00:00:00Z,72,2020-08-22T00:00:00Z,2020-08-23T00:00:00Z,SA-07,Tabuk Region,pwat,kg m-2,205,205,13.248135,20.899945,24.040213,24.862735
handoff/mazu_like/mazu_like_20200820_00_lead072.nc,2020-08-20T00:00:00Z,72,2020-08-22T00:00:00Z,2020-08-23T00:00:00Z,SA-07,Tabuk Region,ivt,kg m-1 s-1,205,205,22.532571,49.831809,83.256785,106.95411
handoff/mazu_like/mazu_like_20200820_00_lead072.nc,2020-08-20T00:00:00Z,72,2020-08-22T00:00:00Z,2020-08-23T00:00:00Z,SA-07,Tabuk Region,wind850_speed,m s-1,205,205,1.1611011,4.0176867,5.7609369,7.4009175
handoff/mazu_like/mazu_like_20200820_00_lead072.nc,2020-08-20T00:00:00Z,72,2020-08-22T00:00:00Z,2020-08-23T00:00:00Z,SA-07,Tabuk Region,wind_shear_850_200,m s-1,205,205,5.5623016,11.588871,16.158031,16.94837
handoff/mazu_like/mazu_like_20200820_00_lead072.nc,2020-08-20T00:00:00Z,72,2020-08-22T00:00:00Z,2020-08-23T00:00:00Z,SA-07,Tabuk Region,omega500,Pa s-1,205,205,-0.086501144,-0.013649134,0.025830149,0.052997421
handoff/mazu_like/mazu_like_20200820_00_lead072.nc,2020-08-20T00:00:00Z,72,2020-08-22T00:00:00Z,2020-08-23T00:00:00Z,SA-07,Tabuk Region,geopotential_height500,gpm,205,205,5878.1616,5888.7952,5894.4503,5897.2476
handoff/mazu_like/mazu_like_20200820_00_lead072.nc,2020-08-20T00:00:00Z,72,2020-08-22T00:00:00Z,2020-08-23T00:00:00Z,SA-08,Northern Borders Region,daily_precip_total,mm,169,169,0.23700282,0.33136855,0.39448834,0.42117259
handoff/mazu_like/mazu_like_20200820_00_lead072.nc,2020-08-20T00:00:00Z,72,2020-08-22T00:00:00Z,2020-08-23T00:00:00Z,SA-08,Northern Borders Region,t2m_c,degC,169,169,27.255096,32.727108,36.895288,37.250397
handoff/mazu_like/mazu_like_20200820_00_lead072.nc,2020-08-20T00:00:00Z,72,2020-08-22T00:00:00Z,2020-08-23T00:00:00Z,SA-08,Northern Borders Region,tmax_c,degC,169,169,33.215637,39.679311,44.552759,45.182159
handoff/mazu_like/mazu_like_20200820_00_lead072.nc,2020-08-20T00:00:00Z,72,2020-08-22T00:00:00Z,2020-08-23T00:00:00Z,SA-08,Northern Borders Region,tmin_c,degC,169,169,22.471436,26.948549,30.498828,30.877045
handoff/mazu_like/mazu_like_20200820_00_lead072.nc,2020-08-20T00:00:00Z,72,2020-08-22T00:00:00Z,2020-08-23T00:00:00Z,SA-08,Northern Borders Region,wind10_speed,m s-1,169,169,2.4547837,3.8752604,4.4804963,5.1035666
handoff/mazu_like/mazu_like_20200820_00_lead072.nc,2020-08-20T00:00:00Z,72,2020-08-22T00:00:00Z,2020-08-23T00:00:00Z,SA-08,Northern Borders Region,pwat,kg m-2,169,169,16.84757,19.390442,20.954923,22.447972
handoff/mazu_like/mazu_like_20200820_00_lead072.nc,2020-08-20T00:00:00Z,72,2020-08-22T00:00:00Z,2020-08-23T00:00:00Z,SA-08,Northern Borders Region,ivt,kg m-1 s-1,169,169,74.931484,97.152935,120.264,129.12485
handoff/mazu_like/mazu_like_20200820_00_lead072.nc,2020-08-20T00:00:00Z,72,2020-08-22T00:00:00Z,2020-08-23T00:00:00Z,SA-08,Northern Borders Region,wind850_speed,m s-1,169,169,2.9908266,4.4507386,6.0858785,6.7604351
handoff/mazu_like/mazu_like_20200820_00_lead072.nc,2020-08-20T00:00:00Z,72,2020-08-22T00:00:00Z,2020-08-23T00:00:00Z,SA-08,Northern Borders Region,wind_shear_850_200,m s-1,169,169,8.5269527,17.393669,25.266026,27.409979
handoff/mazu_like/mazu_like_20200820_00_lead072.nc,2020-08-20T00:00:00Z,72,2020-08-22T00:00:00Z,2020-08-23T00:00:00Z,SA-08,Northern Borders Region,omega500,Pa s-1,169,169,-0.07895948,-0.024290912,0.032188883,0.044008907
handoff/mazu_like/mazu_like_20200820_00_lead072.nc,2020-08-20T00:00:00Z,72,2020-08-22T00:00:00Z,2020-08-23T00:00:00Z,SA-08,Northern Borders Region,geopotential_height500,gpm,169,169,5846.0122,5874.0853,5889.9594,5891.2051
handoff/mazu_like/mazu_like_20200820_00_lead072.nc,2020-08-20T00:00:00Z,72,2020-08-22T00:00:00Z,2020-08-23T00:00:00Z,SA-09,Jazan Region,daily_precip_total,mm,22,22,0.4051832,1.2488206,3.363055,4.9869289
handoff/mazu_like/mazu_like_20200820_00_lead072.nc,2020-08-20T00:00:00Z,72,2020-08-22T00:00:00Z,2020-08-23T00:00:00Z,SA-09,Jazan Region,t2m_c,degC,22,22,25.066528,33.522016,36.372414,36.482697
handoff/mazu_like/mazu_like_20200820_00_lead072.nc,2020-08-20T00:00:00Z,72,2020-08-22T00:00:00Z,2020-08-23T00:00:00Z,SA-09,Jazan Region,tmax_c,degC,22,22,28.290894,36.897411,40.198566,40.471832
handoff/mazu_like/mazu_like_20200820_00_lead072.nc,2020-08-20T00:00:00Z,72,2020-08-22T00:00:00Z,2020-08-23T00:00:00Z,SA-09,Jazan Region,tmin_c,degC,22,22,20.983521,30.824914,33.547935,33.784454
handoff/mazu_like/mazu_like_20200820_00_lead072.nc,2020-08-20T00:00:00Z,72,2020-08-22T00:00:00Z,2020-08-23T00:00:00Z,SA-09,Jazan Region,wind10_speed,m s-1,22,22,1.3605344,2.2592607,2.958603,3.2304213
handoff/mazu_like/mazu_like_20200820_00_lead072.nc,2020-08-20T00:00:00Z,72,2020-08-22T00:00:00Z,2020-08-23T00:00:00Z,SA-09,Jazan Region,pwat,kg m-2,22,22,49.428064,54.012757,56.451283,57.478805
handoff/mazu_like/mazu_like_20200820_00_lead072.nc,2020-08-20T00:00:00Z,72,2020-08-22T00:00:00Z,2020-08-23T00:00:00Z,SA-09,Jazan Region,ivt,kg m-1 s-1,22,22,92.926068,117.93211,160.87303,171.63522
handoff/mazu_like/mazu_like_20200820_00_lead072.nc,2020-08-20T00:00:00Z,72,2020-08-22T00:00:00Z,2020-08-23T00:00:00Z,SA-09,Jazan Region,wind850_speed,m s-1,22,22,1.2714342,3.0361037,6.1608822,7.1432953
handoff/mazu_like/mazu_like_20200820_00_lead072.nc,2020-08-20T00:00:00Z,72,2020-08-22T00:00:00Z,2020-08-23T00:00:00Z,SA-09,Jazan Region,wind_shear_850_200,m s-1,22,22,19.016808,20.088438,21.498135,22.285713
handoff/mazu_like/mazu_like_20200820_00_lead072.nc,2020-08-20T00:00:00Z,72,2020-08-22T00:00:00Z,2020-08-23T00:00:00Z,SA-09,Jazan Region,omega500,Pa s-1,22,22,-0.14722458,-0.045808588,0.0077782775,0.0085270274
handoff/mazu_like/mazu_like_20200820_00_lead072.nc,2020-08-20T00:00:00Z,72,2020-08-22T00:00:00Z,2020-08-23T00:00:00Z,SA-09,Jazan Region,geopotential_height500,gpm,22,22,5887.1357,5891.221,5893.4629,5893.6289
handoff/mazu_like/mazu_like_20200820_00_lead072.nc,2020-08-20T00:00:00Z,72,2020-08-22T00:00:00Z,2020-08-23T00:00:00Z,SA-10,Najran Region,daily_precip_total,mm,123,123,0.27523813,0.38294272,0.50184318,0.65260375
handoff/mazu_like/mazu_like_20200820_00_lead072.nc,2020-08-20T00:00:00Z,72,2020-08-22T00:00:00Z,2020-08-23T00:00:00Z,SA-10,Najran Region,t2m_c,degC,123,123,27.929291,34.826202,37.03298,37.199066
handoff/mazu_like/mazu_like_20200820_00_lead072.nc,2020-08-20T00:00:00Z,72,2020-08-22T00:00:00Z,2020-08-23T00:00:00Z,SA-10,Najran Region,tmax_c,degC,123,123,34.394928,41.123245,43.222931,43.530457
handoff/mazu_like/mazu_like_20200820_00_lead072.nc,2020-08-20T00:00:00Z,72,2020-08-22T00:00:00Z,2020-08-23T00:00:00Z,SA-10,Najran Region,tmin_c,degC,123,123,20.876709,29.439933,31.971622,32.239594
handoff/mazu_like/mazu_like_20200820_00_lead072.nc,2020-08-20T00:00:00Z,72,2020-08-22T00:00:00Z,2020-08-23T00:00:00Z,SA-10,Najran Region,wind10_speed,m s-1,123,123,1.473593,2.0931418,2.8291555,3.330883
handoff/mazu_like/mazu_like_20200820_00_lead072.nc,2020-08-20T00:00:00Z,72,2020-08-22T00:00:00Z,2020-08-23T00:00:00Z,SA-10,Najran Region,pwat,kg m-2,123,123,24.126724,25.665278,27.522365,30.381051
handoff/mazu_like/mazu_like_20200820_00_lead072.nc,2020-08-20T00:00:00Z,72,2020-08-22T00:00:00Z,2020-08-23T00:00:00Z,SA-10,Najran Region,ivt,kg m-1 s-1,123,123,68.733833,95.155838,107.63684,121.16068
handoff/mazu_like/mazu_like_20200820_00_lead072.nc,2020-08-20T00:00:00Z,72,2020-08-22T00:00:00Z,2020-08-23T00:00:00Z,SA-10,Najran Region,wind850_speed,m s-1,123,123,1.8857685,3.8543379,4.6786171,4.8033724
handoff/mazu_like/mazu_like_20200820_00_lead072.nc,2020-08-20T00:00:00Z,72,2020-08-22T00:00:00Z,2020-08-23T00:00:00Z,SA-10,Najran Region,wind_shear_850_200,m s-1,123,123,11.763953,14.508917,17.523397,18.929089
handoff/mazu_like/mazu_like_20200820_00_lead072.nc,2020-08-20T00:00:00Z,72,2020-08-22T00:00:00Z,2020-08-23T00:00:00Z,SA-10,Najran Region,omega500,Pa s-1,123,123,-0.095192716,-0.0082641212,0.041765071,0.055901308
handoff/mazu_like/mazu_like_20200820_00_lead072.nc,2020-08-20T00:00:00Z,72,2020-08-22T00:00:00Z,2020-08-23T00:00:00Z,SA-10,Najran Region,geopotential_height500,gpm,123,123,5888.8672,5893.4455,5896.2093,5897.3247
handoff/mazu_like/mazu_like_20200820_00_lead072.nc,2020-08-20T00:00:00Z,72,2020-08-22T00:00:00Z,2020-08-23T00:00:00Z,SA-11,Al Bahah Region,daily_precip_total,mm,12,12,0.38186786,1.4097831,3.5474819,3.7763891
handoff/mazu_like/mazu_like_20200820_00_lead072.nc,2020-08-20T00:00:00Z,72,2020-08-22T00:00:00Z,2020-08-23T00:00:00Z,SA-11,Al Bahah Region,t2m_c,degC,12,12,28.345062,31.928923,35.615588,35.759735
handoff/mazu_like/mazu_like_20200820_00_lead072.nc,2020-08-20T00:00:00Z,72,2020-08-22T00:00:00Z,2020-08-23T00:00:00Z,SA-11,Al Bahah Region,tmax_c,degC,12,12,31.12738,36.198351,40.157104,40.330658
handoff/mazu_like/mazu_like_20200820_00_lead072.nc,2020-08-20T00:00:00Z,72,2020-08-22T00:00:00Z,2020-08-23T00:00:00Z,SA-11,Al Bahah Region,tmin_c,degC,12,12,25.409882,28.469836,32.917514,33.074249
handoff/mazu_like/mazu_like_20200820_00_lead072.nc,2020-08-20T00:00:00Z,72,2020-08-22T00:00:00Z,2020-08-23T00:00:00Z,SA-11,Al Bahah Region,wind10_speed,m s-1,12,12,0.83109462,2.1681423,3.3470111,3.6828697
handoff/mazu_like/mazu_like_20200820_00_lead072.nc,2020-08-20T00:00:00Z,72,2020-08-22T00:00:00Z,2020-08-23T00:00:00Z,SA-11,Al Bahah Region,pwat,kg m-2,12,12,35.108472,45.18944,51.435704,52.4191
handoff/mazu_like/mazu_like_20200820_00_lead072.nc,2020-08-20T00:00:00Z,72,2020-08-22T00:00:00Z,2020-08-23T00:00:00Z,SA-11,Al Bahah Region,ivt,kg m-1 s-1,12,12,40.895069,64.662321,94.051282,98.663464
handoff/mazu_like/mazu_like_20200820_00_lead072.nc,2020-08-20T00:00:00Z,72,2020-08-22T00:00:00Z,2020-08-23T00:00:00Z,SA-11,Al Bahah Region,wind850_speed,m s-1,12,12,1.0559474,2.8972853,4.77924,5.1349554
handoff/mazu_like/mazu_like_20200820_00_lead072.nc,2020-08-20T00:00:00Z,72,2020-08-22T00:00:00Z,2020-08-23T00:00:00Z,SA-11,Al Bahah Region,wind_shear_850_200,m s-1,12,12,15.376058,17.043178,19.190886,19.392151
handoff/mazu_like/mazu_like_20200820_00_lead072.nc,2020-08-20T00:00:00Z,72,2020-08-22T00:00:00Z,2020-08-23T00:00:00Z,SA-11,Al Bahah Region,omega500,Pa s-1,12,12,-0.24577729,-0.090551931,0.016303167,0.02705371
handoff/mazu_like/mazu_like_20200820_00_lead072.nc,2020-08-20T00:00:00Z,72,2020-08-22T00:00:00Z,2020-08-23T00:00:00Z,SA-11,Al Bahah Region,geopotential_height500,gpm,12,12,5896.0894,5897.978,5899.4264,5900.1201
handoff/mazu_like/mazu_like_20200820_00_lead072.nc,2020-08-20T00:00:00Z,72,2020-08-22T00:00:00Z,2020-08-23T00:00:00Z,SA-12,Al Jawf Region,daily_precip_total,mm,122,122,0.23165251,0.34890248,0.40827238,0.43683565
handoff/mazu_like/mazu_like_20200820_00_lead072.nc,2020-08-20T00:00:00Z,72,2020-08-22T00:00:00Z,2020-08-23T00:00:00Z,SA-12,Al Jawf Region,t2m_c,degC,122,122,27.249939,29.845572,32.254869,32.867859
handoff/mazu_like/mazu_like_20200820_00_lead072.nc,2020-08-20T00:00:00Z,72,2020-08-22T00:00:00Z,2020-08-23T00:00:00Z,SA-12,Al Jawf Region,tmax_c,degC,122,122,33.854095,36.520473,38.999161,39.896545
handoff/mazu_like/mazu_like_20200820_00_lead072.nc,2020-08-20T00:00:00Z,72,2020-08-22T00:00:00Z,2020-08-23T00:00:00Z,SA-12,Al Jawf Region,tmin_c,degC,122,122,22.138947,24.724989,26.645795,27.145844
handoff/mazu_like/mazu_like_20200820_00_lead072.nc,2020-08-20T00:00:00Z,72,2020-08-22T00:00:00Z,2020-08-23T00:00:00Z,SA-12,Al Jawf Region,wind10_speed,m s-1,122,122,3.6512079,4.3742453,5.0954433,5.2858315
handoff/mazu_like/mazu_like_20200820_00_lead072.nc,2020-08-20T00:00:00Z,72,2020-08-22T00:00:00Z,2020-08-23T00:00:00Z,SA-12,Al Jawf Region,pwat,kg m-2,122,122,16.679421,19.289999,21.087751,21.927083
handoff/mazu_like/mazu_like_20200820_00_lead072.nc,2020-08-20T00:00:00Z,72,2020-08-22T00:00:00Z,2020-08-23T00:00:00Z,SA-12,Al Jawf Region,ivt,kg m-1 s-1,122,122,69.537918,110.80483,131.89025,147.51754
handoff/mazu_like/mazu_like_20200820_00_lead072.nc,2020-08-20T00:00:00Z,72,2020-08-22T00:00:00Z,2020-08-23T00:00:00Z,SA-12,Al Jawf Region,wind850_speed,m s-1,122,122,4.0038376,5.575488,6.5542274,6.7778087
handoff/mazu_like/mazu_like_20200820_00_lead072.nc,2020-08-20T00:00:00Z,72,2020-08-22T00:00:00Z,2020-08-23T00:00:00Z,SA-12,Al Jawf Region,wind_shear_850_200,m s-1,122,122,15.090222,16.912409,19.619146,21.34149
handoff/mazu_like/mazu_like_20200820_00_lead072.nc,2020-08-20T00:00:00Z,72,2020-08-22T00:00:00Z,2020-08-23T00:00:00Z,SA-12,Al Jawf Region,omega500,Pa s-1,122,122,-0.074772432,-0.0054988335,0.037745978,0.060704883
handoff/mazu_like/mazu_like_20200820_00_lead072.nc,2020-08-20T00:00:00Z,72,2020-08-22T00:00:00Z,2020-08-23T00:00:00Z,SA-12,Al Jawf Region,geopotential_height500,gpm,122,122,5857.7505,5875.2555,5883.9257,5885.2456
handoff/mazu_like/mazu_like_20200820_00_lead072.nc,2020-08-20T00:00:00Z,72,2020-08-22T00:00:00Z,2020-08-23T00:00:00Z,SA-14,'Asir Region,daily_precip_total,mm,104,104,0.07006932,0.9559377,3.5303609,7.1045609
handoff/mazu_like/mazu_like_20200820_00_lead072.nc,2020-08-20T00:00:00Z,72,2020-08-22T00:00:00Z,2020-08-23T00:00:00Z,SA-14,'Asir Region,t2m_c,degC,104,104,24.806641,32.05705,36.079559,36.365601
handoff/mazu_like/mazu_like_20200820_00_lead072.nc,2020-08-20T00:00:00Z,72,2020-08-22T00:00:00Z,2020-08-23T00:00:00Z,SA-14,'Asir Region,tmax_c,degC,104,104,27.979584,37.659544,42.435213,43.129425
handoff/mazu_like/mazu_like_20200820_00_lead072.nc,2020-08-20T00:00:00Z,72,2020-08-22T00:00:00Z,2020-08-23T00:00:00Z,SA-14,'Asir Region,tmin_c,degC,104,104,20.232635,27.045715,31.66613,32.76474
handoff/mazu_like/mazu_like_20200820_00_lead072.nc,2020-08-20T00:00:00Z,72,2020-08-22T00:00:00Z,2020-08-23T00:00:00Z,SA-14,'Asir Region,wind10_speed,m s-1,104,104,0.57256556,2.5604665,3.5612691,4.0258884
handoff/mazu_like/mazu_like_20200820_00_lead072.nc,2020-08-20T00:00:00Z,72,2020-08-22T00:00:00Z,2020-08-23T00:00:00Z,SA-14,'Asir Region,pwat,kg m-2,104,104,24.176531,33.396904,53.083703,56.171762
handoff/mazu_like/mazu_like_20200820_00_lead072.nc,2020-08-20T00:00:00Z,72,2020-08-22T00:00:00Z,2020-08-23T00:00:00Z,SA-14,'Asir Region,ivt,kg m-1 s-1,104,104,29.072363,83.287497,114.90689,122.67026
handoff/mazu_like/mazu_like_20200820_00_lead072.nc,2020-08-20T00:00:00Z,72,2020-08-22T00:00:00Z,2020-08-23T00:00:00Z,SA-14,'Asir Region,wind850_speed,m s-1,104,104,0.62592435,3.4034123,5.6144754,6.0334358
handoff/mazu_like/mazu_like_20200820_00_lead072.nc,2020-08-20T00:00:00Z,72,2020-08-22T00:00:00Z,2020-08-23T00:00:00Z,SA-14,'Asir Region,wind_shear_850_200,m s-1,104,104,12.426488,16.180501,18.727911,19.635056
handoff/mazu_like/mazu_like_20200820_00_lead072.nc,2020-08-20T00:00:00Z,72,2020-08-22T00:00:00Z,2020-08-23T00:00:00Z,SA-14,'Asir Region,omega500,Pa s-1,104,104,-0.25924695,-0.04150582,0.0471651,0.085839152
handoff/mazu_like/mazu_like_20200820_00_lead072.nc,2020-08-20T00:00:00Z,72,2020-08-22T00:00:00Z,2020-08-23T00:00:00Z,SA-14,'Asir Region,geopotential_height500,gpm,104,104,5891.4302,5895.9972,5899.0686,5899.5293
