method,dataset_split,event_target_windows,hits,misses,target_window_recall,control_target_windows,false_alarms,correct_negatives,target_window_specificity,event_cases,event_case_detections,event_case_detection_fraction,control_cases,control_case_correct_rejections,control_case_rejection_fraction,knowledge_trigger_count,distinct_corrected_event_cases,new_false_alarm_count,passes_all_gates,base_method,knowledge_mode,primary_ratio_threshold,support_count_threshold,minimum_eligible_windows,complexity_rank,balanced_accuracy,knowledge_upgrade_count,minimum_operational_skill
joint_rain_v2_base_kg_persistence_ratio0p25_support1_windows3,development,5,5,0,1.0,4,0,4,1.0,3,3,1.0,2,2,1.0,2,1,0,True,v2_base,cross_window_persistence,0.25,1.0,3.0,2,1.0,2,1.0
joint_rain_v2_base_kg_persistence_ratio0p25_support2_windows2,development,5,5,0,1.0,4,0,4,1.0,3,3,1.0,2,2,1.0,2,1,0,True,v2_base,cross_window_persistence,0.25,2.0,2.0,2,1.0,2,1.0
joint_rain_v2_base_kg_persistence_ratio0p2_support1_windows3,development,5,5,0,1.0,4,0,4,1.0,3,3,1.0,2,2,1.0,2,1,0,True,v2_base,cross_window_persistence,0.2,1.0,3.0,2,1.0,2,1.0
joint_rain_v2_base_kg_persistence_ratio0p2_support2_windows2,development,5,5,0,1.0,4,0,4,1.0,3,3,1.0,2,2,1.0,2,1,0,True,v2_base,cross_window_persistence,0.2,2.0,2.0,2,1.0,2,1.0
joint_rain_v2_base_kg_persistence_ratio0p3_support1_windows3,development,5,5,0,1.0,4,0,4,1.0,3,3,1.0,2,2,1.0,2,1,0,True,v2_base,cross_window_persistence,0.3,1.0,3.0,2,1.0,2,1.0
joint_rain_v2_base_kg_persistence_ratio0p3_support2_windows2,development,5,5,0,1.0,4,0,4,1.0,3,3,1.0,2,2,1.0,2,1,0,True,v2_base,cross_window_persistence,0.3,2.0,2.0,2,1.0,2,1.0
joint_rain_v1_base_kg_persistence_ratio0p25_support2_windows2,development,5,5,0,1.0,4,0,4,1.0,3,3,1.0,2,2,1.0,4,2,0,True,v1_base,cross_window_persistence,0.25,2.0,2.0,2,1.0,4,1.0
joint_rain_v1_base_kg_persistence_ratio0p2_support2_windows2,development,5,5,0,1.0,4,0,4,1.0,3,3,1.0,2,2,1.0,4,2,0,True,v1_base,cross_window_persistence,0.2,2.0,2.0,2,1.0,4,1.0
joint_rain_v1_base_kg_persistence_ratio0p3_support2_windows2,development,5,5,0,1.0,4,0,4,1.0,3,3,1.0,2,2,1.0,4,2,0,True,v1_base,cross_window_persistence,0.3,2.0,2.0,2,1.0,4,1.0
joint_rain_v2_base_kg_single_ratio0p45_support1,development,5,4,1,0.8,4,0,4,1.0,3,3,1.0,2,2,1.0,1,1,0,True,v2_base,single_window,0.45,1.0,1.0,1,0.9,1,0.8
joint_rain_v2_base_kg_single_ratio0p45_support2,development,5,4,1,0.8,4,0,4,1.0,3,3,1.0,2,2,1.0,1,1,0,True,v2_base,single_window,0.45,2.0,1.0,1,0.9,1,0.8
joint_rain_v2_base_kg_single_ratio0p55_support1,development,5,4,1,0.8,4,0,4,1.0,3,3,1.0,2,2,1.0,1,1,0,True,v2_base,single_window,0.55,1.0,1.0,1,0.9,1,0.8
joint_rain_v2_base_kg_single_ratio0p55_support2,development,5,4,1,0.8,4,0,4,1.0,3,3,1.0,2,2,1.0,1,1,0,True,v2_base,single_window,0.55,2.0,1.0,1,0.9,1,0.8
joint_rain_v2_base_kg_single_ratio0p5_support1,development,5,4,1,0.8,4,0,4,1.0,3,3,1.0,2,2,1.0,1,1,0,True,v2_base,single_window,0.5,1.0,1.0,1,0.9,1,0.8
joint_rain_v2_base_kg_single_ratio0p5_support2,development,5,4,1,0.8,4,0,4,1.0,3,3,1.0,2,2,1.0,1,1,0,True,v2_base,single_window,0.5,2.0,1.0,1,0.9,1,0.8
joint_rain_v2_base_kg_persistence_ratio0p45_support1_windows2,development,5,4,1,0.8,4,0,4,1.0,3,3,1.0,2,2,1.0,1,1,0,True,v2_base,cross_window_persistence,0.45,1.0,2.0,2,0.9,1,0.8
joint_rain_v2_base_kg_persistence_ratio0p5_support1_windows2,development,5,4,1,0.8,4,0,4,1.0,3,3,1.0,2,2,1.0,1,1,0,True,v2_base,cross_window_persistence,0.5,1.0,2.0,2,0.9,1,0.8
joint_rain_v1_base_kg_single_ratio0p45_support1,development,5,4,1,0.8,4,0,4,1.0,3,3,1.0,2,2,1.0,3,2,0,True,v1_base,single_window,0.45,1.0,1.0,1,0.9,3,0.8
joint_rain_v1_base_kg_single_ratio0p45_support2,development,5,4,1,0.8,4,0,4,1.0,3,3,1.0,2,2,1.0,3,2,0,True,v1_base,single_window,0.45,2.0,1.0,1,0.9,3,0.8
joint_rain_v1_base_kg_single_ratio0p55_support1,development,5,4,1,0.8,4,0,4,1.0,3,3,1.0,2,2,1.0,3,2,0,True,v1_base,single_window,0.55,1.0,1.0,1,0.9,3,0.8
joint_rain_v1_base_kg_single_ratio0p55_support2,development,5,4,1,0.8,4,0,4,1.0,3,3,1.0,2,2,1.0,3,2,0,True,v1_base,single_window,0.55,2.0,1.0,1,0.9,3,0.8
joint_rain_v1_base_kg_single_ratio0p5_support1,development,5,4,1,0.8,4,0,4,1.0,3,3,1.0,2,2,1.0,3,2,0,True,v1_base,single_window,0.5,1.0,1.0,1,0.9,3,0.8
joint_rain_v1_base_kg_single_ratio0p5_support2,development,5,4,1,0.8,4,0,4,1.0,3,3,1.0,2,2,1.0,3,2,0,True,v1_base,single_window,0.5,2.0,1.0,1,0.9,3,0.8
joint_rain_v1_base_kg_persistence_ratio0p45_support1_windows2,development,5,4,1,0.8,4,0,4,1.0,3,3,1.0,2,2,1.0,3,2,0,True,v1_base,cross_window_persistence,0.45,1.0,2.0,2,0.9,3,0.8
joint_rain_v1_base_kg_persistence_ratio0p5_support1_windows2,development,5,4,1,0.8,4,0,4,1.0,3,3,1.0,2,2,1.0,3,2,0,True,v1_base,cross_window_persistence,0.5,1.0,2.0,2,0.9,3,0.8
joint_rain_v2_base_kg_none,development,5,3,2,0.6,4,0,4,1.0,3,2,0.6666666666666666,2,2,1.0,0,0,0,False,v2_base,none,,,,0,0.8,0,0.6
joint_rain_v2_base_kg_single_ratio0p0_support4,development,5,3,2,0.6,4,0,4,1.0,3,2,0.6666666666666666,2,2,1.0,0,0,0,False,v2_base,single_window,0.0,4.0,1.0,1,0.8,0,0.6
joint_rain_v2_base_kg_single_ratio0p25_support3,development,5,3,2,0.6,4,0,4,1.0,3,2,0.6666666666666666,2,2,1.0,0,0,0,False,v2_base,single_window,0.25,3.0,1.0,1,0.8,0,0.6
joint_rain_v2_base_kg_single_ratio0p25_support4,development,5,3,2,0.6,4,0,4,1.0,3,2,0.6666666666666666,2,2,1.0,0,0,0,False,v2_base,single_window,0.25,4.0,1.0,1,0.8,0,0.6
joint_rain_v2_base_kg_single_ratio0p35_support3,development,5,3,2,0.6,4,0,4,1.0,3,2,0.6666666666666666,2,2,1.0,0,0,0,False,v2_base,single_window,0.35,3.0,1.0,1,0.8,0,0.6
joint_rain_v2_base_kg_single_ratio0p35_support4,development,5,3,2,0.6,4,0,4,1.0,3,2,0.6666666666666666,2,2,1.0,0,0,0,False,v2_base,single_window,0.35,4.0,1.0,1,0.8,0,0.6
joint_rain_v2_base_kg_single_ratio0p3_support3,development,5,3,2,0.6,4,0,4,1.0,3,2,0.6666666666666666,2,2,1.0,0,0,0,False,v2_base,single_window,0.3,3.0,1.0,1,0.8,0,0.6
joint_rain_v2_base_kg_single_ratio0p3_support4,development,5,3,2,0.6,4,0,4,1.0,3,2,0.6666666666666666,2,2,1.0,0,0,0,False,v2_base,single_window,0.3,4.0,1.0,1,0.8,0,0.6
joint_rain_v2_base_kg_single_ratio0p45_support3,development,5,3,2,0.6,4,0,4,1.0,3,2,0.6666666666666666,2,2,1.0,0,0,0,False,v2_base,single_window,0.45,3.0,1.0,1,0.8,0,0.6
joint_rain_v2_base_kg_single_ratio0p45_support4,development,5,3,2,0.6,4,0,4,1.0,3,2,0.6666666666666666,2,2,1.0,0,0,0,False,v2_base,single_window,0.45,4.0,1.0,1,0.8,0,0.6
joint_rain_v2_base_kg_single_ratio0p4_support3,development,5,3,2,0.6,4,0,4,1.0,3,2,0.6666666666666666,2,2,1.0,0,0,0,False,v2_base,single_window,0.4,3.0,1.0,1,0.8,0,0.6
joint_rain_v2_base_kg_single_ratio0p4_support4,development,5,3,2,0.6,4,0,4,1.0,3,2,0.6666666666666666,2,2,1.0,0,0,0,False,v2_base,single_window,0.4,4.0,1.0,1,0.8,0,0.6
joint_rain_v2_base_kg_single_ratio0p55_support3,development,5,3,2,0.6,4,0,4,1.0,3,2,0.6666666666666666,2,2,1.0,0,0,0,False,v2_base,single_window,0.55,3.0,1.0,1,0.8,0,0.6
joint_rain_v2_base_kg_single_ratio0p55_support4,development,5,3,2,0.6,4,0,4,1.0,3,2,0.6666666666666666,2,2,1.0,0,0,0,False,v2_base,single_window,0.55,4.0,1.0,1,0.8,0,0.6
joint_rain_v2_base_kg_single_ratio0p5_support3,development,5,3,2,0.6,4,0,4,1.0,3,2,0.6666666666666666,2,2,1.0,0,0,0,False,v2_base,single_window,0.5,3.0,1.0,1,0.8,0,0.6
joint_rain_v2_base_kg_single_ratio0p5_support4,development,5,3,2,0.6,4,0,4,1.0,3,2,0.6666666666666666,2,2,1.0,0,0,0,False,v2_base,single_window,0.5,4.0,1.0,1,0.8,0,0.6
joint_rain_v2_base_kg_single_ratio0p6_support1,development,5,3,2,0.6,4,0,4,1.0,3,2,0.6666666666666666,2,2,1.0,0,0,0,False,v2_base,single_window,0.6,1.0,1.0,1,0.8,0,0.6
joint_rain_v2_base_kg_single_ratio0p6_support2,development,5,3,2,0.6,4,0,4,1.0,3,2,0.6666666666666666,2,2,1.0,0,0,0,False,v2_base,single_window,0.6,2.0,1.0,1,0.8,0,0.6
joint_rain_v2_base_kg_single_ratio0p6_support3,development,5,3,2,0.6,4,0,4,1.0,3,2,0.6666666666666666,2,2,1.0,0,0,0,False,v2_base,single_window,0.6,3.0,1.0,1,0.8,0,0.6
joint_rain_v2_base_kg_single_ratio0p6_support4,development,5,3,2,0.6,4,0,4,1.0,3,2,0.6666666666666666,2,2,1.0,0,0,0,False,v2_base,single_window,0.6,4.0,1.0,1,0.8,0,0.6
joint_rain_v2_base_kg_single_ratio0p7_support1,development,5,3,2,0.6,4,0,4,1.0,3,2,0.6666666666666666,2,2,1.0,0,0,0,False,v2_base,single_window,0.7,1.0,1.0,1,0.8,0,0.6
joint_rain_v2_base_kg_single_ratio0p7_support2,development,5,3,2,0.6,4,0,4,1.0,3,2,0.6666666666666666,2,2,1.0,0,0,0,False,v2_base,single_window,0.7,2.0,1.0,1,0.8,0,0.6
joint_rain_v2_base_kg_single_ratio0p7_support3,development,5,3,2,0.6,4,0,4,1.0,3,2,0.6666666666666666,2,2,1.0,0,0,0,False,v2_base,single_window,0.7,3.0,1.0,1,0.8,0,0.6
joint_rain_v2_base_kg_single_ratio0p7_support4,development,5,3,2,0.6,4,0,4,1.0,3,2,0.6666666666666666,2,2,1.0,0,0,0,False,v2_base,single_window,0.7,4.0,1.0,1,0.8,0,0.6
joint_rain_v2_base_kg_single_ratio0p8_support1,development,5,3,2,0.6,4,0,4,1.0,3,2,0.6666666666666666,2,2,1.0,0,0,0,False,v2_base,single_window,0.8,1.0,1.0,1,0.8,0,0.6
joint_rain_v2_base_kg_single_ratio0p8_support2,development,5,3,2,0.6,4,0,4,1.0,3,2,0.6666666666666666,2,2,1.0,0,0,0,False,v2_base,single_window,0.8,2.0,1.0,1,0.8,0,0.6
joint_rain_v2_base_kg_single_ratio0p8_support3,development,5,3,2,0.6,4,0,4,1.0,3,2,0.6666666666666666,2,2,1.0,0,0,0,False,v2_base,single_window,0.8,3.0,1.0,1,0.8,0,0.6
joint_rain_v2_base_kg_single_ratio0p8_support4,development,5,3,2,0.6,4,0,4,1.0,3,2,0.6666666666666666,2,2,1.0,0,0,0,False,v2_base,single_window,0.8,4.0,1.0,1,0.8,0,0.6
joint_rain_v2_base_kg_persistence_ratio0p0_support4_windows2,development,5,3,2,0.6,4,0,4,1.0,3,2,0.6666666666666666,2,2,1.0,0,0,0,False,v2_base,cross_window_persistence,0.0,4.0,2.0,2,0.8,0,0.6
joint_rain_v2_base_kg_persistence_ratio0p0_support4_windows3,development,5,3,2,0.6,4,0,4,1.0,3,2,0.6666666666666666,2,2,1.0,0,0,0,False,v2_base,cross_window_persistence,0.0,4.0,3.0,2,0.8,0,0.6
joint_rain_v2_base_kg_persistence_ratio0p25_support2_windows3,development,5,3,2,0.6,4,0,4,1.0,3,2,0.6666666666666666,2,2,1.0,0,0,0,False,v2_base,cross_window_persistence,0.25,2.0,3.0,2,0.8,0,0.6
joint_rain_v2_base_kg_persistence_ratio0p25_support3_windows2,development,5,3,2,0.6,4,0,4,1.0,3,2,0.6666666666666666,2,2,1.0,0,0,0,False,v2_base,cross_window_persistence,0.25,3.0,2.0,2,0.8,0,0.6
joint_rain_v2_base_kg_persistence_ratio0p25_support3_windows3,development,5,3,2,0.6,4,0,4,1.0,3,2,0.6666666666666666,2,2,1.0,0,0,0,False,v2_base,cross_window_persistence,0.25,3.0,3.0,2,0.8,0,0.6
joint_rain_v2_base_kg_persistence_ratio0p25_support4_windows2,development,5,3,2,0.6,4,0,4,1.0,3,2,0.6666666666666666,2,2,1.0,0,0,0,False,v2_base,cross_window_persistence,0.25,4.0,2.0,2,0.8,0,0.6
joint_rain_v2_base_kg_persistence_ratio0p25_support4_windows3,development,5,3,2,0.6,4,0,4,1.0,3,2,0.6666666666666666,2,2,1.0,0,0,0,False,v2_base,cross_window_persistence,0.25,4.0,3.0,2,0.8,0,0.6
joint_rain_v2_base_kg_persistence_ratio0p2_support2_windows3,development,5,3,2,0.6,4,0,4,1.0,3,2,0.6666666666666666,2,2,1.0,0,0,0,False,v2_base,cross_window_persistence,0.2,2.0,3.0,2,0.8,0,0.6
joint_rain_v2_base_kg_persistence_ratio0p2_support3_windows2,development,5,3,2,0.6,4,0,4,1.0,3,2,0.6666666666666666,2,2,1.0,0,0,0,False,v2_base,cross_window_persistence,0.2,3.0,2.0,2,0.8,0,0.6
joint_rain_v2_base_kg_persistence_ratio0p2_support3_windows3,development,5,3,2,0.6,4,0,4,1.0,3,2,0.6666666666666666,2,2,1.0,0,0,0,False,v2_base,cross_window_persistence,0.2,3.0,3.0,2,0.8,0,0.6
joint_rain_v2_base_kg_persistence_ratio0p2_support4_windows2,development,5,3,2,0.6,4,0,4,1.0,3,2,0.6666666666666666,2,2,1.0,0,0,0,False,v2_base,cross_window_persistence,0.2,4.0,2.0,2,0.8,0,0.6
joint_rain_v2_base_kg_persistence_ratio0p2_support4_windows3,development,5,3,2,0.6,4,0,4,1.0,3,2,0.6666666666666666,2,2,1.0,0,0,0,False,v2_base,cross_window_persistence,0.2,4.0,3.0,2,0.8,0,0.6
joint_rain_v2_base_kg_persistence_ratio0p35_support1_windows3,development,5,3,2,0.6,4,0,4,1.0,3,2,0.6666666666666666,2,2,1.0,0,0,0,False,v2_base,cross_window_persistence,0.35,1.0,3.0,2,0.8,0,0.6
joint_rain_v2_base_kg_persistence_ratio0p35_support2_windows2,development,5,3,2,0.6,4,0,4,1.0,3,2,0.6666666666666666,2,2,1.0,0,0,0,False,v2_base,cross_window_persistence,0.35,2.0,2.0,2,0.8,0,0.6
joint_rain_v2_base_kg_persistence_ratio0p35_support2_windows3,development,5,3,2,0.6,4,0,4,1.0,3,2,0.6666666666666666,2,2,1.0,0,0,0,False,v2_base,cross_window_persistence,0.35,2.0,3.0,2,0.8,0,0.6
joint_rain_v2_base_kg_persistence_ratio0p35_support3_windows2,development,5,3,2,0.6,4,0,4,1.0,3,2,0.6666666666666666,2,2,1.0,0,0,0,False,v2_base,cross_window_persistence,0.35,3.0,2.0,2,0.8,0,0.6
joint_rain_v2_base_kg_persistence_ratio0p35_support3_windows3,development,5,3,2,0.6,4,0,4,1.0,3,2,0.6666666666666666,2,2,1.0,0,0,0,False,v2_base,cross_window_persistence,0.35,3.0,3.0,2,0.8,0,0.6
joint_rain_v2_base_kg_persistence_ratio0p35_support4_windows2,development,5,3,2,0.6,4,0,4,1.0,3,2,0.6666666666666666,2,2,1.0,0,0,0,False,v2_base,cross_window_persistence,0.35,4.0,2.0,2,0.8,0,0.6
joint_rain_v2_base_kg_persistence_ratio0p35_support4_windows3,development,5,3,2,0.6,4,0,4,1.0,3,2,0.6666666666666666,2,2,1.0,0,0,0,False,v2_base,cross_window_persistence,0.35,4.0,3.0,2,0.8,0,0.6
joint_rain_v2_base_kg_persistence_ratio0p3_support2_windows3,development,5,3,2,0.6,4,0,4,1.0,3,2,0.6666666666666666,2,2,1.0,0,0,0,False,v2_base,cross_window_persistence,0.3,2.0,3.0,2,0.8,0,0.6
joint_rain_v2_base_kg_persistence_ratio0p3_support3_windows2,development,5,3,2,0.6,4,0,4,1.0,3,2,0.6666666666666666,2,2,1.0,0,0,0,False,v2_base,cross_window_persistence,0.3,3.0,2.0,2,0.8,0,0.6
joint_rain_v2_base_kg_persistence_ratio0p3_support3_windows3,development,5,3,2,0.6,4,0,4,1.0,3,2,0.6666666666666666,2,2,1.0,0,0,0,False,v2_base,cross_window_persistence,0.3,3.0,3.0,2,0.8,0,0.6
joint_rain_v2_base_kg_persistence_ratio0p3_support4_windows2,development,5,3,2,0.6,4,0,4,1.0,3,2,0.6666666666666666,2,2,1.0,0,0,0,False,v2_base,cross_window_persistence,0.3,4.0,2.0,2,0.8,0,0.6
joint_rain_v2_base_kg_persistence_ratio0p3_support4_windows3,development,5,3,2,0.6,4,0,4,1.0,3,2,0.6666666666666666,2,2,1.0,0,0,0,False,v2_base,cross_window_persistence,0.3,4.0,3.0,2,0.8,0,0.6
joint_rain_v2_base_kg_persistence_ratio0p45_support1_windows3,development,5,3,2,0.6,4,0,4,1.0,3,2,0.6666666666666666,2,2,1.0,0,0,0,False,v2_base,cross_window_persistence,0.45,1.0,3.0,2,0.8,0,0.6
joint_rain_v2_base_kg_persistence_ratio0p45_support2_windows2,development,5,3,2,0.6,4,0,4,1.0,3,2,0.6666666666666666,2,2,1.0,0,0,0,False,v2_base,cross_window_persistence,0.45,2.0,2.0,2,0.8,0,0.6
joint_rain_v2_base_kg_persistence_ratio0p45_support2_windows3,development,5,3,2,0.6,4,0,4,1.0,3,2,0.6666666666666666,2,2,1.0,0,0,0,False,v2_base,cross_window_persistence,0.45,2.0,3.0,2,0.8,0,0.6
joint_rain_v2_base_kg_persistence_ratio0p45_support3_windows2,development,5,3,2,0.6,4,0,4,1.0,3,2,0.6666666666666666,2,2,1.0,0,0,0,False,v2_base,cross_window_persistence,0.45,3.0,2.0,2,0.8,0,0.6
joint_rain_v2_base_kg_persistence_ratio0p45_support3_windows3,development,5,3,2,0.6,4,0,4,1.0,3,2,0.6666666666666666,2,2,1.0,0,0,0,False,v2_base,cross_window_persistence,0.45,3.0,3.0,2,0.8,0,0.6
joint_rain_v2_base_kg_persistence_ratio0p45_support4_windows2,development,5,3,2,0.6,4,0,4,1.0,3,2,0.6666666666666666,2,2,1.0,0,0,0,False,v2_base,cross_window_persistence,0.45,4.0,2.0,2,0.8,0,0.6
joint_rain_v2_base_kg_persistence_ratio0p45_support4_windows3,development,5,3,2,0.6,4,0,4,1.0,3,2,0.6666666666666666,2,2,1.0,0,0,0,False,v2_base,cross_window_persistence,0.45,4.0,3.0,2,0.8,0,0.6
joint_rain_v2_base_kg_persistence_ratio0p4_support1_windows3,development,5,3,2,0.6,4,0,4,1.0,3,2,0.6666666666666666,2,2,1.0,0,0,0,False,v2_base,cross_window_persistence,0.4,1.0,3.0,2,0.8,0,0.6
joint_rain_v2_base_kg_persistence_ratio0p4_support2_windows2,development,5,3,2,0.6,4,0,4,1.0,3,2,0.6666666666666666,2,2,1.0,0,0,0,False,v2_base,cross_window_persistence,0.4,2.0,2.0,2,0.8,0,0.6
joint_rain_v2_base_kg_persistence_ratio0p4_support2_windows3,development,5,3,2,0.6,4,0,4,1.0,3,2,0.6666666666666666,2,2,1.0,0,0,0,False,v2_base,cross_window_persistence,0.4,2.0,3.0,2,0.8,0,0.6
joint_rain_v2_base_kg_persistence_ratio0p4_support3_windows2,development,5,3,2,0.6,4,0,4,1.0,3,2,0.6666666666666666,2,2,1.0,0,0,0,False,v2_base,cross_window_persistence,0.4,3.0,2.0,2,0.8,0,0.6
joint_rain_v2_base_kg_persistence_ratio0p4_support3_windows3,development,5,3,2,0.6,4,0,4,1.0,3,2,0.6666666666666666,2,2,1.0,0,0,0,False,v2_base,cross_window_persistence,0.4,3.0,3.0,2,0.8,0,0.6
joint_rain_v2_base_kg_persistence_ratio0p4_support4_windows2,development,5,3,2,0.6,4,0,4,1.0,3,2,0.6666666666666666,2,2,1.0,0,0,0,False,v2_base,cross_window_persistence,0.4,4.0,2.0,2,0.8,0,0.6
joint_rain_v2_base_kg_persistence_ratio0p4_support4_windows3,development,5,3,2,0.6,4,0,4,1.0,3,2,0.6666666666666666,2,2,1.0,0,0,0,False,v2_base,cross_window_persistence,0.4,4.0,3.0,2,0.8,0,0.6
joint_rain_v2_base_kg_persistence_ratio0p5_support1_windows3,development,5,3,2,0.6,4,0,4,1.0,3,2,0.6666666666666666,2,2,1.0,0,0,0,False,v2_base,cross_window_persistence,0.5,1.0,3.0,2,0.8,0,0.6
joint_rain_v2_base_kg_persistence_ratio0p5_support2_windows2,development,5,3,2,0.6,4,0,4,1.0,3,2,0.6666666666666666,2,2,1.0,0,0,0,False,v2_base,cross_window_persistence,0.5,2.0,2.0,2,0.8,0,0.6
joint_rain_v2_base_kg_persistence_ratio0p5_support2_windows3,development,5,3,2,0.6,4,0,4,1.0,3,2,0.6666666666666666,2,2,1.0,0,0,0,False,v2_base,cross_window_persistence,0.5,2.0,3.0,2,0.8,0,0.6
joint_rain_v2_base_kg_persistence_ratio0p5_support3_windows2,development,5,3,2,0.6,4,0,4,1.0,3,2,0.6666666666666666,2,2,1.0,0,0,0,False,v2_base,cross_window_persistence,0.5,3.0,2.0,2,0.8,0,0.6
joint_rain_v2_base_kg_persistence_ratio0p5_support3_windows3,development,5,3,2,0.6,4,0,4,1.0,3,2,0.6666666666666666,2,2,1.0,0,0,0,False,v2_base,cross_window_persistence,0.5,3.0,3.0,2,0.8,0,0.6
joint_rain_v2_base_kg_persistence_ratio0p5_support4_windows2,development,5,3,2,0.6,4,0,4,1.0,3,2,0.6666666666666666,2,2,1.0,0,0,0,False,v2_base,cross_window_persistence,0.5,4.0,2.0,2,0.8,0,0.6
joint_rain_v2_base_kg_persistence_ratio0p5_support4_windows3,development,5,3,2,0.6,4,0,4,1.0,3,2,0.6666666666666666,2,2,1.0,0,0,0,False,v2_base,cross_window_persistence,0.5,4.0,3.0,2,0.8,0,0.6
joint_rain_v2_base_kg_persistence_ratio0p6_support1_windows2,development,5,3,2,0.6,4,0,4,1.0,3,2,0.6666666666666666,2,2,1.0,0,0,0,False,v2_base,cross_window_persistence,0.6,1.0,2.0,2,0.8,0,0.6
joint_rain_v2_base_kg_persistence_ratio0p6_support1_windows3,development,5,3,2,0.6,4,0,4,1.0,3,2,0.6666666666666666,2,2,1.0,0,0,0,False,v2_base,cross_window_persistence,0.6,1.0,3.0,2,0.8,0,0.6
joint_rain_v2_base_kg_persistence_ratio0p6_support2_windows2,development,5,3,2,0.6,4,0,4,1.0,3,2,0.6666666666666666,2,2,1.0,0,0,0,False,v2_base,cross_window_persistence,0.6,2.0,2.0,2,0.8,0,0.6
joint_rain_v2_base_kg_persistence_ratio0p6_support2_windows3,development,5,3,2,0.6,4,0,4,1.0,3,2,0.6666666666666666,2,2,1.0,0,0,0,False,v2_base,cross_window_persistence,0.6,2.0,3.0,2,0.8,0,0.6
joint_rain_v2_base_kg_persistence_ratio0p6_support3_windows2,development,5,3,2,0.6,4,0,4,1.0,3,2,0.6666666666666666,2,2,1.0,0,0,0,False,v2_base,cross_window_persistence,0.6,3.0,2.0,2,0.8,0,0.6
joint_rain_v2_base_kg_persistence_ratio0p6_support3_windows3,development,5,3,2,0.6,4,0,4,1.0,3,2,0.6666666666666666,2,2,1.0,0,0,0,False,v2_base,cross_window_persistence,0.6,3.0,3.0,2,0.8,0,0.6
joint_rain_v2_base_kg_persistence_ratio0p6_support4_windows2,development,5,3,2,0.6,4,0,4,1.0,3,2,0.6666666666666666,2,2,1.0,0,0,0,False,v2_base,cross_window_persistence,0.6,4.0,2.0,2,0.8,0,0.6
joint_rain_v2_base_kg_persistence_ratio0p6_support4_windows3,development,5,3,2,0.6,4,0,4,1.0,3,2,0.6666666666666666,2,2,1.0,0,0,0,False,v2_base,cross_window_persistence,0.6,4.0,3.0,2,0.8,0,0.6
joint_rain_v1_base_kg_single_ratio0p25_support3,development,5,3,2,0.6,4,0,4,1.0,3,2,0.6666666666666666,2,2,1.0,2,1,0,False,v1_base,single_window,0.25,3.0,1.0,1,0.8,2,0.6
joint_rain_v1_base_kg_single_ratio0p35_support3,development,5,3,2,0.6,4,0,4,1.0,3,2,0.6666666666666666,2,2,1.0,2,1,0,False,v1_base,single_window,0.35,3.0,1.0,1,0.8,2,0.6
joint_rain_v1_base_kg_single_ratio0p3_support3,development,5,3,2,0.6,4,0,4,1.0,3,2,0.6666666666666666,2,2,1.0,2,1,0,False,v1_base,single_window,0.3,3.0,1.0,1,0.8,2,0.6
joint_rain_v1_base_kg_single_ratio0p45_support3,development,5,3,2,0.6,4,0,4,1.0,3,2,0.6666666666666666,2,2,1.0,2,1,0,False,v1_base,single_window,0.45,3.0,1.0,1,0.8,2,0.6
joint_rain_v1_base_kg_single_ratio0p4_support3,development,5,3,2,0.6,4,0,4,1.0,3,2,0.6666666666666666,2,2,1.0,2,1,0,False,v1_base,single_window,0.4,3.0,1.0,1,0.8,2,0.6
joint_rain_v1_base_kg_single_ratio0p55_support3,development,5,3,2,0.6,4,0,4,1.0,3,2,0.6666666666666666,2,2,1.0,2,1,0,False,v1_base,single_window,0.55,3.0,1.0,1,0.8,2,0.6
joint_rain_v1_base_kg_single_ratio0p5_support3,development,5,3,2,0.6,4,0,4,1.0,3,2,0.6666666666666666,2,2,1.0,2,1,0,False,v1_base,single_window,0.5,3.0,1.0,1,0.8,2,0.6
joint_rain_v1_base_kg_single_ratio0p6_support1,development,5,3,2,0.6,4,0,4,1.0,3,2,0.6666666666666666,2,2,1.0,2,1,0,False,v1_base,single_window,0.6,1.0,1.0,1,0.8,2,0.6
joint_rain_v1_base_kg_single_ratio0p6_support2,development,5,3,2,0.6,4,0,4,1.0,3,2,0.6666666666666666,2,2,1.0,2,1,0,False,v1_base,single_window,0.6,2.0,1.0,1,0.8,2,0.6
joint_rain_v1_base_kg_single_ratio0p6_support3,development,5,3,2,0.6,4,0,4,1.0,3,2,0.6666666666666666,2,2,1.0,2,1,0,False,v1_base,single_window,0.6,3.0,1.0,1,0.8,2,0.6
joint_rain_v1_base_kg_single_ratio0p7_support1,development,5,3,2,0.6,4,0,4,1.0,3,2,0.6666666666666666,2,2,1.0,2,1,0,False,v1_base,single_window,0.7,1.0,1.0,1,0.8,2,0.6
joint_rain_v1_base_kg_single_ratio0p7_support2,development,5,3,2,0.6,4,0,4,1.0,3,2,0.6666666666666666,2,2,1.0,2,1,0,False,v1_base,single_window,0.7,2.0,1.0,1,0.8,2,0.6
joint_rain_v1_base_kg_single_ratio0p7_support3,development,5,3,2,0.6,4,0,4,1.0,3,2,0.6666666666666666,2,2,1.0,2,1,0,False,v1_base,single_window,0.7,3.0,1.0,1,0.8,2,0.6
joint_rain_v1_base_kg_single_ratio0p8_support1,development,5,3,2,0.6,4,0,4,1.0,3,2,0.6666666666666666,2,2,1.0,2,1,0,False,v1_base,single_window,0.8,1.0,1.0,1,0.8,2,0.6
joint_rain_v1_base_kg_single_ratio0p8_support2,development,5,3,2,0.6,4,0,4,1.0,3,2,0.6666666666666666,2,2,1.0,2,1,0,False,v1_base,single_window,0.8,2.0,1.0,1,0.8,2,0.6
joint_rain_v1_base_kg_single_ratio0p8_support3,development,5,3,2,0.6,4,0,4,1.0,3,2,0.6666666666666666,2,2,1.0,2,1,0,False,v1_base,single_window,0.8,3.0,1.0,1,0.8,2,0.6
joint_rain_v1_base_kg_persistence_ratio0p25_support1_windows3,development,5,3,2,0.6,4,0,4,1.0,3,2,0.6666666666666666,2,2,1.0,2,1,0,False,v1_base,cross_window_persistence,0.25,1.0,3.0,2,0.8,2,0.6
joint_rain_v1_base_kg_persistence_ratio0p25_support3_windows2,development,5,3,2,0.6,4,0,4,1.0,3,2,0.6666666666666666,2,2,1.0,2,1,0,False,v1_base,cross_window_persistence,0.25,3.0,2.0,2,0.8,2,0.6
joint_rain_v1_base_kg_persistence_ratio0p2_support1_windows3,development,5,3,2,0.6,4,0,4,1.0,3,2,0.6666666666666666,2,2,1.0,2,1,0,False,v1_base,cross_window_persistence,0.2,1.0,3.0,2,0.8,2,0.6
joint_rain_v1_base_kg_persistence_ratio0p2_support3_windows2,development,5,3,2,0.6,4,0,4,1.0,3,2,0.6666666666666666,2,2,1.0,2,1,0,False,v1_base,cross_window_persistence,0.2,3.0,2.0,2,0.8,2,0.6
joint_rain_v1_base_kg_persistence_ratio0p35_support2_windows2,development,5,3,2,0.6,4,0,4,1.0,3,2,0.6666666666666666,2,2,1.0,2,1,0,False,v1_base,cross_window_persistence,0.35,2.0,2.0,2,0.8,2,0.6
joint_rain_v1_base_kg_persistence_ratio0p35_support3_windows2,development,5,3,2,0.6,4,0,4,1.0,3,2,0.6666666666666666,2,2,1.0,2,1,0,False,v1_base,cross_window_persistence,0.35,3.0,2.0,2,0.8,2,0.6
joint_rain_v1_base_kg_persistence_ratio0p3_support1_windows3,development,5,3,2,0.6,4,0,4,1.0,3,2,0.6666666666666666,2,2,1.0,2,1,0,False,v1_base,cross_window_persistence,0.3,1.0,3.0,2,0.8,2,0.6
joint_rain_v1_base_kg_persistence_ratio0p3_support3_windows2,development,5,3,2,0.6,4,0,4,1.0,3,2,0.6666666666666666,2,2,1.0,2,1,0,False,v1_base,cross_window_persistence,0.3,3.0,2.0,2,0.8,2,0.6
joint_rain_v1_base_kg_persistence_ratio0p45_support2_windows2,development,5,3,2,0.6,4,0,4,1.0,3,2,0.6666666666666666,2,2,1.0,2,1,0,False,v1_base,cross_window_persistence,0.45,2.0,2.0,2,0.8,2,0.6
joint_rain_v1_base_kg_persistence_ratio0p45_support3_windows2,development,5,3,2,0.6,4,0,4,1.0,3,2,0.6666666666666666,2,2,1.0,2,1,0,False,v1_base,cross_window_persistence,0.45,3.0,2.0,2,0.8,2,0.6
joint_rain_v1_base_kg_persistence_ratio0p4_support2_windows2,development,5,3,2,0.6,4,0,4,1.0,3,2,0.6666666666666666,2,2,1.0,2,1,0,False,v1_base,cross_window_persistence,0.4,2.0,2.0,2,0.8,2,0.6
joint_rain_v1_base_kg_persistence_ratio0p4_support3_windows2,development,5,3,2,0.6,4,0,4,1.0,3,2,0.6666666666666666,2,2,1.0,2,1,0,False,v1_base,cross_window_persistence,0.4,3.0,2.0,2,0.8,2,0.6
joint_rain_v1_base_kg_persistence_ratio0p5_support2_windows2,development,5,3,2,0.6,4,0,4,1.0,3,2,0.6666666666666666,2,2,1.0,2,1,0,False,v1_base,cross_window_persistence,0.5,2.0,2.0,2,0.8,2,0.6
joint_rain_v1_base_kg_persistence_ratio0p5_support3_windows2,development,5,3,2,0.6,4,0,4,1.0,3,2,0.6666666666666666,2,2,1.0,2,1,0,False,v1_base,cross_window_persistence,0.5,3.0,2.0,2,0.8,2,0.6
joint_rain_v1_base_kg_persistence_ratio0p6_support1_windows2,development,5,3,2,0.6,4,0,4,1.0,3,2,0.6666666666666666,2,2,1.0,2,1,0,False,v1_base,cross_window_persistence,0.6,1.0,2.0,2,0.8,2,0.6
joint_rain_v1_base_kg_persistence_ratio0p6_support2_windows2,development,5,3,2,0.6,4,0,4,1.0,3,2,0.6666666666666666,2,2,1.0,2,1,0,False,v1_base,cross_window_persistence,0.6,2.0,2.0,2,0.8,2,0.6
joint_rain_v1_base_kg_persistence_ratio0p6_support3_windows2,development,5,3,2,0.6,4,0,4,1.0,3,2,0.6666666666666666,2,2,1.0,2,1,0,False,v1_base,cross_window_persistence,0.6,3.0,2.0,2,0.8,2,0.6
joint_rain_v2_base_kg_single_ratio0p25_support1,development,5,5,0,1.0,4,1,3,0.75,3,3,1.0,2,1,0.5,3,1,1,False,v2_base,single_window,0.25,1.0,1.0,1,0.875,3,0.5
joint_rain_v2_base_kg_single_ratio0p25_support2,development,5,5,0,1.0,4,1,3,0.75,3,3,1.0,2,1,0.5,3,1,1,False,v2_base,single_window,0.25,2.0,1.0,1,0.875,3,0.5
joint_rain_v2_base_kg_single_ratio0p3_support1,development,5,5,0,1.0,4,1,3,0.75,3,3,1.0,2,1,0.5,3,1,1,False,v2_base,single_window,0.3,1.0,1.0,1,0.875,3,0.5
joint_rain_v2_base_kg_single_ratio0p3_support2,development,5,5,0,1.0,4,1,3,0.75,3,3,1.0,2,1,0.5,3,1,1,False,v2_base,single_window,0.3,2.0,1.0,1,0.875,3,0.5
joint_rain_v2_base_kg_persistence_ratio0p25_support1_windows2,development,5,5,0,1.0,4,1,3,0.75,3,3,1.0,2,1,0.5,3,1,1,False,v2_base,cross_window_persistence,0.25,1.0,2.0,2,0.875,3,0.5
joint_rain_v2_base_kg_persistence_ratio0p2_support1_windows2,development,5,5,0,1.0,4,1,3,0.75,3,3,1.0,2,1,0.5,3,1,1,False,v2_base,cross_window_persistence,0.2,1.0,2.0,2,0.875,3,0.5
joint_rain_v2_base_kg_persistence_ratio0p3_support1_windows2,development,5,5,0,1.0,4,1,3,0.75,3,3,1.0,2,1,0.5,3,1,1,False,v2_base,cross_window_persistence,0.3,1.0,2.0,2,0.875,3,0.5
joint_rain_v1_base_kg_single_ratio0p25_support1,development,5,5,0,1.0,4,1,3,0.75,3,3,1.0,2,1,0.5,5,2,1,False,v1_base,single_window,0.25,1.0,1.0,1,0.875,5,0.5
joint_rain_v1_base_kg_single_ratio0p25_support2,development,5,5,0,1.0,4,1,3,0.75,3,3,1.0,2,1,0.5,5,2,1,False,v1_base,single_window,0.25,2.0,1.0,1,0.875,5,0.5
joint_rain_v1_base_kg_single_ratio0p3_support1,development,5,5,0,1.0,4,1,3,0.75,3,3,1.0,2,1,0.5,5,2,1,False,v1_base,single_window,0.3,1.0,1.0,1,0.875,5,0.5
joint_rain_v1_base_kg_single_ratio0p3_support2,development,5,5,0,1.0,4,1,3,0.75,3,3,1.0,2,1,0.5,5,2,1,False,v1_base,single_window,0.3,2.0,1.0,1,0.875,5,0.5
joint_rain_v1_base_kg_persistence_ratio0p25_support1_windows2,development,5,5,0,1.0,4,1,3,0.75,3,3,1.0,2,1,0.5,5,2,1,False,v1_base,cross_window_persistence,0.25,1.0,2.0,2,0.875,5,0.5
joint_rain_v1_base_kg_persistence_ratio0p2_support1_windows2,development,5,5,0,1.0,4,1,3,0.75,3,3,1.0,2,1,0.5,5,2,1,False,v1_base,cross_window_persistence,0.2,1.0,2.0,2,0.875,5,0.5
joint_rain_v1_base_kg_persistence_ratio0p3_support1_windows2,development,5,5,0,1.0,4,1,3,0.75,3,3,1.0,2,1,0.5,5,2,1,False,v1_base,cross_window_persistence,0.3,1.0,2.0,2,0.875,5,0.5
joint_rain_v2_base_kg_single_ratio0p35_support1,development,5,4,1,0.8,4,1,3,0.75,3,3,1.0,2,1,0.5,2,1,1,False,v2_base,single_window,0.35,1.0,1.0,1,0.775,2,0.5
joint_rain_v2_base_kg_single_ratio0p35_support2,development,5,4,1,0.8,4,1,3,0.75,3,3,1.0,2,1,0.5,2,1,1,False,v2_base,single_window,0.35,2.0,1.0,1,0.775,2,0.5
joint_rain_v2_base_kg_single_ratio0p4_support1,development,5,4,1,0.8,4,1,3,0.75,3,3,1.0,2,1,0.5,2,1,1,False,v2_base,single_window,0.4,1.0,1.0,1,0.775,2,0.5
joint_rain_v2_base_kg_single_ratio0p4_support2,development,5,4,1,0.8,4,1,3,0.75,3,3,1.0,2,1,0.5,2,1,1,False,v2_base,single_window,0.4,2.0,1.0,1,0.775,2,0.5
joint_rain_v2_base_kg_persistence_ratio0p35_support1_windows2,development,5,4,1,0.8,4,1,3,0.75,3,3,1.0,2,1,0.5,2,1,1,False,v2_base,cross_window_persistence,0.35,1.0,2.0,2,0.775,2,0.5
joint_rain_v2_base_kg_persistence_ratio0p4_support1_windows2,development,5,4,1,0.8,4,1,3,0.75,3,3,1.0,2,1,0.5,2,1,1,False,v2_base,cross_window_persistence,0.4,1.0,2.0,2,0.775,2,0.5
joint_rain_v1_base_kg_single_ratio0p35_support1,development,5,4,1,0.8,4,1,3,0.75,3,3,1.0,2,1,0.5,4,2,1,False,v1_base,single_window,0.35,1.0,1.0,1,0.775,4,0.5
joint_rain_v1_base_kg_single_ratio0p35_support2,development,5,4,1,0.8,4,1,3,0.75,3,3,1.0,2,1,0.5,4,2,1,False,v1_base,single_window,0.35,2.0,1.0,1,0.775,4,0.5
joint_rain_v1_base_kg_single_ratio0p4_support1,development,5,4,1,0.8,4,1,3,0.75,3,3,1.0,2,1,0.5,4,2,1,False,v1_base,single_window,0.4,1.0,1.0,1,0.775,4,0.5
joint_rain_v1_base_kg_single_ratio0p4_support2,development,5,4,1,0.8,4,1,3,0.75,3,3,1.0,2,1,0.5,4,2,1,False,v1_base,single_window,0.4,2.0,1.0,1,0.775,4,0.5
joint_rain_v1_base_kg_persistence_ratio0p35_support1_windows2,development,5,4,1,0.8,4,1,3,0.75,3,3,1.0,2,1,0.5,4,2,1,False,v1_base,cross_window_persistence,0.35,1.0,2.0,2,0.775,4,0.5
joint_rain_v1_base_kg_persistence_ratio0p4_support1_windows2,development,5,4,1,0.8,4,1,3,0.75,3,3,1.0,2,1,0.5,4,2,1,False,v1_base,cross_window_persistence,0.4,1.0,2.0,2,0.775,4,0.5
joint_rain_v2_base_kg_persistence_ratio0p0_support2_windows2,development,5,5,0,1.0,4,2,2,0.5,3,3,1.0,2,1,0.5,4,1,2,False,v2_base,cross_window_persistence,0.0,2.0,2.0,2,0.75,4,0.5
joint_rain_v1_base_kg_persistence_ratio0p0_support2_windows2,development,5,5,0,1.0,4,2,2,0.5,3,3,1.0,2,1,0.5,6,2,2,False,v1_base,cross_window_persistence,0.0,2.0,2.0,2,0.75,6,0.5
joint_rain_v2_base_kg_single_ratio0p0_support3,development,5,3,2,0.6,4,2,2,0.5,3,2,0.6666666666666666,2,1,0.5,2,0,2,False,v2_base,single_window,0.0,3.0,1.0,1,0.55,2,0.5
joint_rain_v2_base_kg_persistence_ratio0p0_support2_windows3,development,5,3,2,0.6,4,2,2,0.5,3,2,0.6666666666666666,2,1,0.5,2,0,2,False,v2_base,cross_window_persistence,0.0,2.0,3.0,2,0.55,2,0.5
joint_rain_v2_base_kg_persistence_ratio0p0_support3_windows2,development,5,3,2,0.6,4,2,2,0.5,3,2,0.6666666666666666,2,1,0.5,2,0,2,False,v2_base,cross_window_persistence,0.0,3.0,2.0,2,0.55,2,0.5
joint_rain_v2_base_kg_persistence_ratio0p0_support3_windows3,development,5,3,2,0.6,4,2,2,0.5,3,2,0.6666666666666666,2,1,0.5,2,0,2,False,v2_base,cross_window_persistence,0.0,3.0,3.0,2,0.55,2,0.5
joint_rain_v1_base_kg_single_ratio0p0_support3,development,5,3,2,0.6,4,2,2,0.5,3,2,0.6666666666666666,2,1,0.5,4,1,2,False,v1_base,single_window,0.0,3.0,1.0,1,0.55,4,0.5
joint_rain_v1_base_kg_persistence_ratio0p0_support2_windows3,development,5,3,2,0.6,4,2,2,0.5,3,2,0.6666666666666666,2,1,0.5,4,1,2,False,v1_base,cross_window_persistence,0.0,2.0,3.0,2,0.55,4,0.5
joint_rain_v1_base_kg_persistence_ratio0p0_support3_windows2,development,5,3,2,0.6,4,2,2,0.5,3,2,0.6666666666666666,2,1,0.5,4,1,2,False,v1_base,cross_window_persistence,0.0,3.0,2.0,2,0.55,4,0.5
joint_rain_v1_base_kg_persistence_ratio0p0_support3_windows3,development,5,3,2,0.6,4,2,2,0.5,3,2,0.6666666666666666,2,1,0.5,4,1,2,False,v1_base,cross_window_persistence,0.0,3.0,3.0,2,0.55,4,0.5
joint_rain_v1_base_kg_single_ratio0p0_support4,development,5,2,3,0.4,4,0,4,1.0,3,2,0.6666666666666666,2,2,1.0,1,1,0,False,v1_base,single_window,0.0,4.0,1.0,1,0.7,1,0.4
joint_rain_v1_base_kg_single_ratio0p25_support4,development,5,2,3,0.4,4,0,4,1.0,3,2,0.6666666666666666,2,2,1.0,1,1,0,False,v1_base,single_window,0.25,4.0,1.0,1,0.7,1,0.4
joint_rain_v1_base_kg_single_ratio0p35_support4,development,5,2,3,0.4,4,0,4,1.0,3,2,0.6666666666666666,2,2,1.0,1,1,0,False,v1_base,single_window,0.35,4.0,1.0,1,0.7,1,0.4
joint_rain_v1_base_kg_single_ratio0p3_support4,development,5,2,3,0.4,4,0,4,1.0,3,2,0.6666666666666666,2,2,1.0,1,1,0,False,v1_base,single_window,0.3,4.0,1.0,1,0.7,1,0.4
joint_rain_v1_base_kg_single_ratio0p45_support4,development,5,2,3,0.4,4,0,4,1.0,3,2,0.6666666666666666,2,2,1.0,1,1,0,False,v1_base,single_window,0.45,4.0,1.0,1,0.7,1,0.4
joint_rain_v1_base_kg_single_ratio0p4_support4,development,5,2,3,0.4,4,0,4,1.0,3,2,0.6666666666666666,2,2,1.0,1,1,0,False,v1_base,single_window,0.4,4.0,1.0,1,0.7,1,0.4
joint_rain_v1_base_kg_single_ratio0p55_support4,development,5,2,3,0.4,4,0,4,1.0,3,2,0.6666666666666666,2,2,1.0,1,1,0,False,v1_base,single_window,0.55,4.0,1.0,1,0.7,1,0.4
joint_rain_v1_base_kg_single_ratio0p5_support4,development,5,2,3,0.4,4,0,4,1.0,3,2,0.6666666666666666,2,2,1.0,1,1,0,False,v1_base,single_window,0.5,4.0,1.0,1,0.7,1,0.4
joint_rain_v1_base_kg_single_ratio0p6_support4,development,5,2,3,0.4,4,0,4,1.0,3,2,0.6666666666666666,2,2,1.0,1,1,0,False,v1_base,single_window,0.6,4.0,1.0,1,0.7,1,0.4
joint_rain_v1_base_kg_single_ratio0p7_support4,development,5,2,3,0.4,4,0,4,1.0,3,2,0.6666666666666666,2,2,1.0,1,1,0,False,v1_base,single_window,0.7,4.0,1.0,1,0.7,1,0.4
joint_rain_v1_base_kg_single_ratio0p8_support4,development,5,2,3,0.4,4,0,4,1.0,3,2,0.6666666666666666,2,2,1.0,1,1,0,False,v1_base,single_window,0.8,4.0,1.0,1,0.7,1,0.4
joint_rain_v1_base_kg_persistence_ratio0p0_support4_windows2,development,5,2,3,0.4,4,0,4,1.0,3,2,0.6666666666666666,2,2,1.0,1,1,0,False,v1_base,cross_window_persistence,0.0,4.0,2.0,2,0.7,1,0.4
joint_rain_v1_base_kg_none,development,5,1,4,0.2,4,0,4,1.0,3,1,0.3333333333333333,2,2,1.0,0,0,0,False,v1_base,none,,,,0,0.6,0,0.2
joint_rain_v1_base_kg_persistence_ratio0p0_support4_windows3,development,5,1,4,0.2,4,0,4,1.0,3,1,0.3333333333333333,2,2,1.0,0,0,0,False,v1_base,cross_window_persistence,0.0,4.0,3.0,2,0.6,0,0.2
joint_rain_v1_base_kg_persistence_ratio0p25_support2_windows3,development,5,1,4,0.2,4,0,4,1.0,3,1,0.3333333333333333,2,2,1.0,0,0,0,False,v1_base,cross_window_persistence,0.25,2.0,3.0,2,0.6,0,0.2
joint_rain_v1_base_kg_persistence_ratio0p25_support3_windows3,development,5,1,4,0.2,4,0,4,1.0,3,1,0.3333333333333333,2,2,1.0,0,0,0,False,v1_base,cross_window_persistence,0.25,3.0,3.0,2,0.6,0,0.2
joint_rain_v1_base_kg_persistence_ratio0p25_support4_windows2,development,5,1,4,0.2,4,0,4,1.0,3,1,0.3333333333333333,2,2,1.0,0,0,0,False,v1_base,cross_window_persistence,0.25,4.0,2.0,2,0.6,0,0.2
joint_rain_v1_base_kg_persistence_ratio0p25_support4_windows3,development,5,1,4,0.2,4,0,4,1.0,3,1,0.3333333333333333,2,2,1.0,0,0,0,False,v1_base,cross_window_persistence,0.25,4.0,3.0,2,0.6,0,0.2
joint_rain_v1_base_kg_persistence_ratio0p2_support2_windows3,development,5,1,4,0.2,4,0,4,1.0,3,1,0.3333333333333333,2,2,1.0,0,0,0,False,v1_base,cross_window_persistence,0.2,2.0,3.0,2,0.6,0,0.2
joint_rain_v1_base_kg_persistence_ratio0p2_support3_windows3,development,5,1,4,0.2,4,0,4,1.0,3,1,0.3333333333333333,2,2,1.0,0,0,0,False,v1_base,cross_window_persistence,0.2,3.0,3.0,2,0.6,0,0.2
joint_rain_v1_base_kg_persistence_ratio0p2_support4_windows2,development,5,1,4,0.2,4,0,4,1.0,3,1,0.3333333333333333,2,2,1.0,0,0,0,False,v1_base,cross_window_persistence,0.2,4.0,2.0,2,0.6,0,0.2
joint_rain_v1_base_kg_persistence_ratio0p2_support4_windows3,development,5,1,4,0.2,4,0,4,1.0,3,1,0.3333333333333333,2,2,1.0,0,0,0,False,v1_base,cross_window_persistence,0.2,4.0,3.0,2,0.6,0,0.2
joint_rain_v1_base_kg_persistence_ratio0p35_support1_windows3,development,5,1,4,0.2,4,0,4,1.0,3,1,0.3333333333333333,2,2,1.0,0,0,0,False,v1_base,cross_window_persistence,0.35,1.0,3.0,2,0.6,0,0.2
joint_rain_v1_base_kg_persistence_ratio0p35_support2_windows3,development,5,1,4,0.2,4,0,4,1.0,3,1,0.3333333333333333,2,2,1.0,0,0,0,False,v1_base,cross_window_persistence,0.35,2.0,3.0,2,0.6,0,0.2
joint_rain_v1_base_kg_persistence_ratio0p35_support3_windows3,development,5,1,4,0.2,4,0,4,1.0,3,1,0.3333333333333333,2,2,1.0,0,0,0,False,v1_base,cross_window_persistence,0.35,3.0,3.0,2,0.6,0,0.2
joint_rain_v1_base_kg_persistence_ratio0p35_support4_windows2,development,5,1,4,0.2,4,0,4,1.0,3,1,0.3333333333333333,2,2,1.0,0,0,0,False,v1_base,cross_window_persistence,0.35,4.0,2.0,2,0.6,0,0.2
joint_rain_v1_base_kg_persistence_ratio0p35_support4_windows3,development,5,1,4,0.2,4,0,4,1.0,3,1,0.3333333333333333,2,2,1.0,0,0,0,False,v1_base,cross_window_persistence,0.35,4.0,3.0,2,0.6,0,0.2
joint_rain_v1_base_kg_persistence_ratio0p3_support2_windows3,development,5,1,4,0.2,4,0,4,1.0,3,1,0.3333333333333333,2,2,1.0,0,0,0,False,v1_base,cross_window_persistence,0.3,2.0,3.0,2,0.6,0,0.2
joint_rain_v1_base_kg_persistence_ratio0p3_support3_windows3,development,5,1,4,0.2,4,0,4,1.0,3,1,0.3333333333333333,2,2,1.0,0,0,0,False,v1_base,cross_window_persistence,0.3,3.0,3.0,2,0.6,0,0.2
joint_rain_v1_base_kg_persistence_ratio0p3_support4_windows2,development,5,1,4,0.2,4,0,4,1.0,3,1,0.3333333333333333,2,2,1.0,0,0,0,False,v1_base,cross_window_persistence,0.3,4.0,2.0,2,0.6,0,0.2
joint_rain_v1_base_kg_persistence_ratio0p3_support4_windows3,development,5,1,4,0.2,4,0,4,1.0,3,1,0.3333333333333333,2,2,1.0,0,0,0,False,v1_base,cross_window_persistence,0.3,4.0,3.0,2,0.6,0,0.2
joint_rain_v1_base_kg_persistence_ratio0p45_support1_windows3,development,5,1,4,0.2,4,0,4,1.0,3,1,0.3333333333333333,2,2,1.0,0,0,0,False,v1_base,cross_window_persistence,0.45,1.0,3.0,2,0.6,0,0.2
joint_rain_v1_base_kg_persistence_ratio0p45_support2_windows3,development,5,1,4,0.2,4,0,4,1.0,3,1,0.3333333333333333,2,2,1.0,0,0,0,False,v1_base,cross_window_persistence,0.45,2.0,3.0,2,0.6,0,0.2
joint_rain_v1_base_kg_persistence_ratio0p45_support3_windows3,development,5,1,4,0.2,4,0,4,1.0,3,1,0.3333333333333333,2,2,1.0,0,0,0,False,v1_base,cross_window_persistence,0.45,3.0,3.0,2,0.6,0,0.2
joint_rain_v1_base_kg_persistence_ratio0p45_support4_windows2,development,5,1,4,0.2,4,0,4,1.0,3,1,0.3333333333333333,2,2,1.0,0,0,0,False,v1_base,cross_window_persistence,0.45,4.0,2.0,2,0.6,0,0.2
joint_rain_v1_base_kg_persistence_ratio0p45_support4_windows3,development,5,1,4,0.2,4,0,4,1.0,3,1,0.3333333333333333,2,2,1.0,0,0,0,False,v1_base,cross_window_persistence,0.45,4.0,3.0,2,0.6,0,0.2
joint_rain_v1_base_kg_persistence_ratio0p4_support1_windows3,development,5,1,4,0.2,4,0,4,1.0,3,1,0.3333333333333333,2,2,1.0,0,0,0,False,v1_base,cross_window_persistence,0.4,1.0,3.0,2,0.6,0,0.2
joint_rain_v1_base_kg_persistence_ratio0p4_support2_windows3,development,5,1,4,0.2,4,0,4,1.0,3,1,0.3333333333333333,2,2,1.0,0,0,0,False,v1_base,cross_window_persistence,0.4,2.0,3.0,2,0.6,0,0.2
joint_rain_v1_base_kg_persistence_ratio0p4_support3_windows3,development,5,1,4,0.2,4,0,4,1.0,3,1,0.3333333333333333,2,2,1.0,0,0,0,False,v1_base,cross_window_persistence,0.4,3.0,3.0,2,0.6,0,0.2
joint_rain_v1_base_kg_persistence_ratio0p4_support4_windows2,development,5,1,4,0.2,4,0,4,1.0,3,1,0.3333333333333333,2,2,1.0,0,0,0,False,v1_base,cross_window_persistence,0.4,4.0,2.0,2,0.6,0,0.2
joint_rain_v1_base_kg_persistence_ratio0p4_support4_windows3,development,5,1,4,0.2,4,0,4,1.0,3,1,0.3333333333333333,2,2,1.0,0,0,0,False,v1_base,cross_window_persistence,0.4,4.0,3.0,2,0.6,0,0.2
joint_rain_v1_base_kg_persistence_ratio0p5_support1_windows3,development,5,1,4,0.2,4,0,4,1.0,3,1,0.3333333333333333,2,2,1.0,0,0,0,False,v1_base,cross_window_persistence,0.5,1.0,3.0,2,0.6,0,0.2
joint_rain_v1_base_kg_persistence_ratio0p5_support2_windows3,development,5,1,4,0.2,4,0,4,1.0,3,1,0.3333333333333333,2,2,1.0,0,0,0,False,v1_base,cross_window_persistence,0.5,2.0,3.0,2,0.6,0,0.2
joint_rain_v1_base_kg_persistence_ratio0p5_support3_windows3,development,5,1,4,0.2,4,0,4,1.0,3,1,0.3333333333333333,2,2,1.0,0,0,0,False,v1_base,cross_window_persistence,0.5,3.0,3.0,2,0.6,0,0.2
joint_rain_v1_base_kg_persistence_ratio0p5_support4_windows2,development,5,1,4,0.2,4,0,4,1.0,3,1,0.3333333333333333,2,2,1.0,0,0,0,False,v1_base,cross_window_persistence,0.5,4.0,2.0,2,0.6,0,0.2
joint_rain_v1_base_kg_persistence_ratio0p5_support4_windows3,development,5,1,4,0.2,4,0,4,1.0,3,1,0.3333333333333333,2,2,1.0,0,0,0,False,v1_base,cross_window_persistence,0.5,4.0,3.0,2,0.6,0,0.2
joint_rain_v1_base_kg_persistence_ratio0p6_support1_windows3,development,5,1,4,0.2,4,0,4,1.0,3,1,0.3333333333333333,2,2,1.0,0,0,0,False,v1_base,cross_window_persistence,0.6,1.0,3.0,2,0.6,0,0.2
joint_rain_v1_base_kg_persistence_ratio0p6_support2_windows3,development,5,1,4,0.2,4,0,4,1.0,3,1,0.3333333333333333,2,2,1.0,0,0,0,False,v1_base,cross_window_persistence,0.6,2.0,3.0,2,0.6,0,0.2
joint_rain_v1_base_kg_persistence_ratio0p6_support3_windows3,development,5,1,4,0.2,4,0,4,1.0,3,1,0.3333333333333333,2,2,1.0,0,0,0,False,v1_base,cross_window_persistence,0.6,3.0,3.0,2,0.6,0,0.2
joint_rain_v1_base_kg_persistence_ratio0p6_support4_windows2,development,5,1,4,0.2,4,0,4,1.0,3,1,0.3333333333333333,2,2,1.0,0,0,0,False,v1_base,cross_window_persistence,0.6,4.0,2.0,2,0.6,0,0.2
joint_rain_v1_base_kg_persistence_ratio0p6_support4_windows3,development,5,1,4,0.2,4,0,4,1.0,3,1,0.3333333333333333,2,2,1.0,0,0,0,False,v1_base,cross_window_persistence,0.6,4.0,3.0,2,0.6,0,0.2
joint_rain_v2_base_kg_single_ratio0p0_support2,development,5,5,0,1.0,4,3,1,0.25,3,3,1.0,2,0,0.0,5,1,3,False,v2_base,single_window,0.0,2.0,1.0,1,0.625,5,0.0
joint_rain_v1_base_kg_single_ratio0p0_support2,development,5,5,0,1.0,4,3,1,0.25,3,3,1.0,2,0,0.0,7,2,3,False,v1_base,single_window,0.0,2.0,1.0,1,0.625,7,0.0
joint_rain_v2_base_kg_single_ratio0p0_support1,development,5,5,0,1.0,4,4,0,0.0,3,3,1.0,2,0,0.0,6,1,4,False,v2_base,single_window,0.0,1.0,1.0,1,0.5,6,0.0
joint_rain_v2_base_kg_persistence_ratio0p0_support1_windows2,development,5,5,0,1.0,4,4,0,0.0,3,3,1.0,2,0,0.0,6,1,4,False,v2_base,cross_window_persistence,0.0,1.0,2.0,2,0.5,6,0.0
joint_rain_v2_base_kg_persistence_ratio0p0_support1_windows3,development,5,5,0,1.0,4,4,0,0.0,3,3,1.0,2,0,0.0,6,1,4,False,v2_base,cross_window_persistence,0.0,1.0,3.0,2,0.5,6,0.0
joint_rain_v1_base_kg_single_ratio0p0_support1,development,5,5,0,1.0,4,4,0,0.0,3,3,1.0,2,0,0.0,8,2,4,False,v1_base,single_window,0.0,1.0,1.0,1,0.5,8,0.0
joint_rain_v1_base_kg_persistence_ratio0p0_support1_windows2,development,5,5,0,1.0,4,4,0,0.0,3,3,1.0,2,0,0.0,8,2,4,False,v1_base,cross_window_persistence,0.0,1.0,2.0,2,0.5,8,0.0
joint_rain_v1_base_kg_persistence_ratio0p0_support1_windows3,development,5,5,0,1.0,4,4,0,0.0,3,3,1.0,2,0,0.0,8,2,4,False,v1_base,cross_window_persistence,0.0,1.0,3.0,2,0.5,8,0.0
